date,concern,observed,trend,seasonal,residual
2004-01-01,anxiety,26,28.1505,-1.2358,-0.9147
2004-02-01,anxiety,28,28.3128,0.1478,-0.4605
2004-03-01,anxiety,31,28.4706,1.4842,1.0452
2004-04-01,anxiety,28,28.6242,0.0485,-0.6727
2004-05-01,anxiety,28,28.7735,-0.6399,-0.1336
2004-06-01,anxiety,27,28.9187,-2.051,0.1323
2004-07-01,anxiety,30,29.0601,-0.194,1.1338
2004-08-01,anxiety,30,29.1981,0.5339,0.268
2004-09-01,anxiety,32,29.3323,2.4386,0.2291
2004-10-01,anxiety,30,29.4619,0.5668,-0.0287
2004-11-01,anxiety,31,29.5838,1.1412,0.275
2004-12-01,anxiety,27,29.6854,-2.9172,0.2318
2005-01-01,anxiety,30,29.7101,-0.2618,0.5518
2005-02-01,anxiety,31,29.7122,0.5299,0.7579
2005-03-01,anxiety,30,29.6923,1.16,-0.8523
2005-04-01,anxiety,32,29.6585,0.274,2.0675
2005-05-01,anxiety,29,29.6168,-0.7053,0.0885
2005-06-01,anxiety,28,29.5654,-1.9441,0.3787
2005-07-01,anxiety,28,29.4992,-0.7768,-0.7223
2005-08-01,anxiety,30,29.4163,0.0419,0.5418
2005-09-01,anxiety,31,29.3136,2.1759,-0.4895
2005-10-01,anxiety,30,29.1895,0.8655,-0.055
2005-11-01,anxiety,30,29.0427,0.7296,0.2277
2005-12-01,anxiety,26,28.8762,-2.6934,-0.1829
2006-01-01,anxiety,31,28.6938,0.5979,1.7083
2006-02-01,anxiety,30,28.4984,0.8906,0.6109
2006-03-01,anxiety,29,28.2977,0.8658,-0.1634
2006-04-01,anxiety,29,28.0915,0.4741,0.4345
2006-05-01,anxiety,28,27.8749,-0.7815,0.9065
2006-06-01,anxiety,25,27.6445,-1.8272,-0.8173
2006-07-01,anxiety,26,27.4004,-1.268,-0.1324
2006-08-01,anxiety,26,27.1441,-0.3438,-0.8003
2006-09-01,anxiety,29,26.8839,1.8439,0.2722
2006-10-01,anxiety,28,26.6255,1.1163,0.2582
2006-11-01,anxiety,26,26.3736,0.3587,-0.7323
2006-12-01,anxiety,24,26.1402,-2.4555,0.3153
2007-01-01,anxiety,28,25.9356,1.405,0.6593
2007-02-01,anxiety,26,25.7632,1.1367,-0.8999
2007-03-01,anxiety,26,25.6162,0.7081,-0.3243
2007-04-01,anxiety,26,25.486,0.6129,-0.0989
2007-05-01,anxiety,24,25.37,-0.7939,-0.5761
2007-06-01,anxiety,24,25.2698,-1.7138,0.4441
2007-07-01,anxiety,22,25.1838,-1.543,-1.6408
2007-08-01,anxiety,23,25.1074,-0.6543,-1.4532
2007-09-01,anxiety,28,25.0374,1.5643,1.3983
2007-10-01,anxiety,27,24.9733,1.402,0.6247
2007-11-01,anxiety,25,24.9165,0.0567,0.0267
2007-12-01,anxiety,22,24.8594,-2.1227,-0.7367
2008-01-01,anxiety,26,24.7932,1.2113,-0.0045
2008-02-01,anxiety,27,24.7189,0.9558,1.3253
2008-03-01,anxiety,26,24.6401,0.9061,0.4538
2008-04-01,anxiety,25,24.5553,0.3025,0.1422
2008-05-01,anxiety,23,24.4623,-0.7304,-0.7319
2008-06-01,anxiety,23,24.3624,-1.5955,0.2331
2008-07-01,anxiety,23,24.2673,-1.1487,-0.1185
2008-08-01,anxiety,24,24.1928,-0.4066,0.2139
2008-09-01,anxiety,24,24.1447,1.2037,-1.3484
2008-10-01,anxiety,25,24.1266,1.3597,-0.4863
2008-11-01,anxiety,24,24.1422,0.0815,-0.2237
2008-12-01,anxiety,23,24.1923,-2.0421,0.8498
2009-01-01,anxiety,24,24.2739,0.759,-1.0329
2009-02-01,anxiety,23,24.3789,0.9396,-2.3186
2009-03-01,anxiety,25,24.5018,1.1613,-0.663
2009-04-01,anxiety,24,24.6406,0.1139,-0.7545
2009-05-01,anxiety,25,24.7965,-0.5661,0.7697
2009-06-01,anxiety,23,24.9678,-1.6569,-0.311
2009-07-01,anxiety,25,25.1501,-0.5961,0.4461
2009-08-01,anxiety,26,25.3372,0.0461,0.6167
2009-09-01,anxiety,26,25.5287,0.6764,-0.205
2009-10-01,anxiety,27,25.7197,0.9989,0.2814
2009-11-01,anxiety,26,25.9009,0.2301,-0.131
2009-12-01,anxiety,24,26.0659,-2.1901,0.1242
2010-01-01,anxiety,27,26.2169,0.5712,0.212
2010-02-01,anxiety,27,26.3579,0.9007,-0.2586
2010-03-01,anxiety,28,26.4924,1.3309,0.1767
2010-04-01,anxiety,27,26.6227,0.0475,0.3298
2010-05-01,anxiety,26,26.7492,-0.3151,-0.4342
2010-06-01,anxiety,25,26.8756,-1.8091,-0.0665
2010-07-01,anxiety,27,27.0023,-0.29,0.2877
2010-08-01,anxiety,27,27.1326,0.235,-0.3675
2010-09-01,anxiety,28,27.2708,0.4429,0.2863
2010-10-01,anxiety,28,27.421,0.6173,-0.0383
2010-11-01,anxiety,28,27.5861,0.2968,0.1171
2010-12-01,anxiety,25,27.764,-2.5126,-0.2515
2011-01-01,anxiety,28,27.951,0.7271,-0.6781
2011-02-01,anxiety,29,28.1468,1.1154,-0.2623
2011-03-01,anxiety,30,28.35,1.471,0.179
2011-04-01,anxiety,28,28.5653,0.3542,-0.9195
2011-05-01,anxiety,29,28.8015,-0.3514,0.5499
2011-06-01,anxiety,27,29.0611,-1.8412,-0.2198
2011-07-01,anxiety,29,29.3398,-0.4252,0.0854
2011-08-01,anxiety,30,29.6298,0.0844,0.2858
2011-09-01,anxiety,30,29.9246,0.4503,-0.3749
2011-10-01,anxiety,30,30.2185,0.4995,-0.718
2011-11-01,anxiety,31,30.5084,0.1734,0.3182
2011-12-01,anxiety,27,30.7959,-2.638,-1.1579
2012-01-01,anxiety,33,31.0861,0.7983,1.1156
2012-02-01,anxiety,34,31.3851,1.2621,1.3528
2012-03-01,anxiety,33,31.6982,1.5694,-0.2676
2012-04-01,anxiety,33,32.0216,0.8415,0.137
2012-05-01,anxiety,31,32.3444,-0.2454,-1.0989
2012-06-01,anxiety,31,32.6596,-1.8585,0.1989
2012-07-01,anxiety,32,32.9645,-0.6517,-0.3128
2012-08-01,anxiety,33,33.2593,-0.0866,-0.1727
2012-09-01,anxiety,38,33.5467,0.3943,4.059
2012-10-01,anxiety,37,33.8303,0.588,2.5816
2012-11-01,anxiety,34,34.1132,-0.1927,0.0795
2012-12-01,anxiety,33,34.4005,-2.6183,1.2178
2013-01-01,anxiety,35,34.6868,0.6633,-0.3501
2013-02-01,anxiety,36,34.9595,1.1826,-0.1421
2013-03-01,anxiety,37,35.2091,1.6807,0.1102
2013-04-01,anxiety,37,35.43,1.5679,0.0021
2013-05-01,anxiety,36,35.623,-0.1761,0.5531
2013-06-01,anxiety,34,35.7952,-2.1496,0.3545
2013-07-01,anxiety,35,35.9607,-0.9067,-0.054
2013-08-01,anxiety,36,36.1315,-0.194,0.0625
2013-09-01,anxiety,37,36.3142,0.4747,0.2111
2013-10-01,anxiety,37,36.5103,1.0028,-0.513
2013-11-01,anxiety,36,36.7129,-0.5705,-0.1424
2013-12-01,anxiety,34,36.9134,-2.3722,-0.5411
2014-01-01,anxiety,40,37.1125,0.1913,2.6962
2014-02-01,anxiety,38,37.3133,0.9564,-0.2697
2014-03-01,anxiety,39,37.5226,1.9512,-0.4739
2014-04-01,anxiety,40,37.7457,2.3416,-0.0872
2014-05-01,anxiety,38,37.9833,-0.0109,0.0276
2014-06-01,anxiety,36,38.2382,-2.9246,0.6864
2014-07-01,anxiety,38,38.511,-1.3808,0.8698
2014-08-01,anxiety,38,38.8,-0.2453,-0.5547
2014-09-01,anxiety,39,39.0998,0.893,-0.9928
2014-10-01,anxiety,41,39.4115,1.4512,0.1373
2014-11-01,anxiety,38,39.7421,-0.6143,-1.1278
2014-12-01,anxiety,38,40.1002,-2.3618,0.2616
2015-01-01,anxiety,40,40.4902,-0.3702,-0.12
2015-02-01,anxiety,41,40.9094,1.0261,-0.9355
2015-03-01,anxiety,44,41.3511,2.2823,0.3666
2015-04-01,anxiety,40,41.8098,2.8596,-4.6694
2015-05-01,anxiety,42,42.2841,0.0663,-0.3504
2015-06-01,anxiety,38,42.7658,-3.6659,-1.0999
2015-07-01,anxiety,41,43.2481,-1.9004,-0.3477
2015-08-01,anxiety,45,43.7312,-0.4843,1.7532
2015-09-01,anxiety,46,44.2131,1.2363,0.5506
2015-10-01,anxiety,47,44.6858,1.7385,0.5758
2015-11-01,anxiety,45,45.1431,-0.3049,0.1618
2015-12-01,anxiety,43,45.5798,-2.4536,-0.1262
2016-01-01,anxiety,45,45.9943,-0.452,-0.5423
2016-02-01,anxiety,49,46.3922,1.189,1.4188
2016-03-01,anxiety,49,46.7796,2.4909,-0.2705
2016-04-01,anxiety,51,47.156,3.2301,0.6139
2016-05-01,anxiety,48,47.5254,-0.3186,0.7931
2016-06-01,anxiety,43,47.8994,-4.1335,-0.7659
2016-07-01,anxiety,45,48.2846,-2.2989,-0.9857
2016-08-01,anxiety,47,48.6823,-0.3009,-1.3813
2016-09-01,anxiety,52,49.0905,1.1903,1.7192
2016-10-01,anxiety,51,49.5038,1.6386,-0.1423
2016-11-01,anxiety,50,49.9132,0.3443,-0.2575
2016-12-01,anxiety,48,50.3174,-2.5876,0.2701
2017-01-01,anxiety,57,50.7259,-0.0578,6.3318
2017-02-01,anxiety,52,51.1433,1.5829,-0.7262
2017-03-01,anxiety,56,51.5654,2.3654,2.0693
2017-04-01,anxiety,55,51.9839,3.0399,-0.0238
2017-05-01,anxiety,52,52.3941,-1.1515,0.7574
2017-06-01,anxiety,49,52.7971,-3.9946,0.1975
2017-07-01,anxiety,51,53.1949,-2.4436,0.2487
2017-08-01,anxiety,53,53.5837,0.1791,-0.7628
2017-09-01,anxiety,54,53.9565,1.0339,-0.9904
2017-10-01,anxiety,60,54.3201,1.4902,4.1897
2017-11-01,anxiety,57,54.6868,0.5874,1.7259
2017-12-01,anxiety,52,55.0598,-2.7424,-0.3175
2018-01-01,anxiety,56,55.4395,0.5282,0.0323
2018-02-01,anxiety,58,55.8304,1.6325,0.5371
2018-03-01,anxiety,58,56.2315,2.0316,-0.2631
2018-04-01,anxiety,55,56.6375,2.275,-3.9125
2018-05-01,anxiety,54,57.0407,-1.7245,-1.3161
2018-06-01,anxiety,54,57.4328,-3.3497,-0.0831
2018-07-01,anxiety,56,57.8085,-2.4451,0.6366
2018-08-01,anxiety,60,58.1703,1.4229,0.4068
2018-09-01,anxiety,65,58.517,0.6514,5.8316
2018-10-01,anxiety,60,58.8435,1.2922,-0.1357
2018-11-01,anxiety,60,59.1493,0.2997,0.551
2018-12-01,anxiety,57,59.4368,-2.9549,0.518
2019-01-01,anxiety,61,59.7085,1.3066,-0.0151
2019-02-01,anxiety,62,59.9627,1.3854,0.6519
2019-03-01,anxiety,70,60.1961,2.3269,7.477
2019-04-01,anxiety,62,60.4032,1.5527,0.0441
2019-05-01,anxiety,56,60.5845,-2.056,-2.5285
2019-06-01,anxiety,58,60.7451,-2.5691,-0.1759
2019-07-01,anxiety,58,60.8882,-2.5543,-0.3339
2019-08-01,anxiety,64,61.0232,1.5408,1.436
2019-09-01,anxiety,62,61.1592,0.7448,0.0961
2019-10-01,anxiety,63,61.3022,1.1799,0.518
2019-11-01,anxiety,61,61.4529,-0.724,0.2711
2019-12-01,anxiety,58,61.6084,-2.9666,-0.6418
2020-01-01,anxiety,64,61.7607,2.2035,0.0359
2020-02-01,anxiety,62,61.8985,1.5453,-1.4437
2020-03-01,anxiety,61,62.03,2.6967,-3.7268
2020-04-01,anxiety,63,62.1692,1.1682,-0.3374
2020-05-01,anxiety,61,62.3121,-1.8742,0.5621
2020-06-01,anxiety,61,62.4574,-2.0583,0.6008
2020-07-01,anxiety,68,62.6084,-2.7702,8.1617
2020-08-01,anxiety,68,62.7699,1.2591,3.971
2020-09-01,anxiety,69,62.9458,0.2098,5.8445
2020-10-01,anxiety,64,63.128,1.0768,-0.2047
2020-11-01,anxiety,61,63.3025,-1.3063,-0.9962
2020-12-01,anxiety,61,63.4647,-2.9658,0.5011
2021-01-01,anxiety,67,63.6173,1.9523,1.4304
2021-02-01,anxiety,65,63.7721,2.1822,-0.9543
2021-03-01,anxiety,67,63.9388,3.1835,-0.1223
2021-04-01,anxiety,65,64.1183,1.4715,-0.5898
2021-05-01,anxiety,67,64.2931,-1.2341,3.941
2021-06-01,anxiety,64,64.4418,-2.0729,1.6311
2021-07-01,anxiety,62,64.5549,-2.9149,0.3599
2021-08-01,anxiety,65,64.6254,0.726,-0.3513
2021-09-01,anxiety,69,64.6567,-0.3754,4.7187
2021-10-01,anxiety,66,64.6632,0.7479,0.5889
2021-11-01,anxiety,67,64.6613,-1.5432,3.8819
2021-12-01,anxiety,58,64.6393,-3.2491,-3.3902
2022-01-01,anxiety,63,64.5742,1.4864,-3.0606
2022-02-01,anxiety,69,64.4622,3.3139,1.2239
2022-03-01,anxiety,69,64.3216,4.1104,0.568
2022-04-01,anxiety,67,64.1716,1.842,0.9864
2022-05-01,anxiety,63,63.9934,-0.7151,-0.2783
2022-06-01,anxiety,61,63.7528,-2.5296,-0.2232
2022-07-01,anxiety,60,63.4597,-2.8011,-0.6586
2022-08-01,anxiety,60,63.151,0.1944,-3.3454
2022-09-01,anxiety,62,62.8485,-1.0714,0.2229
2022-10-01,anxiety,61,62.5654,0.7114,-2.2768
2022-11-01,anxiety,61,62.2965,-1.4262,0.1297
2022-12-01,anxiety,59,62.0336,-3.691,0.6575
2023-01-01,anxiety,62,61.7741,0.8734,-0.6475
2023-02-01,anxiety,66,61.5139,4.8475,-0.3613
2023-03-01,anxiety,66,61.2487,4.9725,-0.2212
2023-04-01,anxiety,63,60.978,2.2261,-0.2041
2023-05-01,anxiety,61,60.7055,-1.396,1.6905
2023-06-01,anxiety,57,60.4367,-4.2807,0.844
2023-07-01,anxiety,58,60.1743,-3.1979,1.0235
2023-08-01,anxiety,60,59.9147,0.5802,-0.495
2023-09-01,anxiety,58,59.6502,-0.936,-0.7142
2023-10-01,anxiety,60,59.3828,1.0706,-0.4534
2023-11-01,anxiety,58,59.1989,-0.6094,-0.5895
2023-12-01,anxiety,54,59.272,-4.1196,-1.1524
2024-01-01,anxiety,60,59.5032,0.2576,0.2392
2024-02-01,anxiety,61,59.709,5.9018,-4.6108
2024-03-01,anxiety,59,59.8883,5.5893,-6.4776
2024-04-01,anxiety,59,60.067,2.5716,-3.6386
2024-05-01,anxiety,55,60.2672,-2.0711,-3.1961
2024-06-01,anxiety,61,60.5099,-6.0698,6.5599
2024-07-01,anxiety,62,60.8322,-3.6134,4.7813
2024-08-01,anxiety,61,61.218,1.1285,-1.3466
2024-09-01,anxiety,61,61.5907,-0.7184,0.1277
2024-10-01,anxiety,63,62.0079,1.4605,-0.4684
2024-11-01,anxiety,58,62.6603,0.2545,-4.9148
2024-12-01,anxiety,58,63.527,-4.3923,-1.1348
2025-01-01,anxiety,60,64.4547,-0.2883,-4.1664
2025-02-01,anxiety,64,65.4082,6.7683,-8.1765
2025-03-01,anxiety,79,66.3851,6.1104,6.5045
2025-04-01,anxiety,70,67.3746,2.8761,-0.2507
2025-05-01,anxiety,65,68.4328,-2.8427,-0.5901
2025-06-01,anxiety,61,69.4934,-7.9215,-0.5719
2025-07-01,anxiety,66,70.5593,-4.0506,-0.5087
2025-08-01,anxiety,74,71.6323,1.7493,0.6184
2025-09-01,anxiety,80,72.7131,-0.4444,7.7312
2025-10-01,anxiety,76,73.8016,1.9254,0.2731
2025-11-01,anxiety,76,74.8968,1.1532,-0.05
2025-12-01,anxiety,72,75.998,-4.601,0.603
2026-01-01,anxiety,76,77.1041,-0.8127,-0.2914
2026-02-01,anxiety,100,78.2139,7.5576,14.2285
2026-03-01,anxiety,82,79.3264,6.5947,-3.9211
2004-01-01,depression,85,87.2197,-2.8352,0.6156
2004-02-01,depression,95,86.6031,8.6898,-0.2929
2004-03-01,depression,100,85.9888,13.8079,0.2033
2004-04-01,depression,97,85.3769,11.8021,-0.179
2004-05-01,depression,88,84.7675,3.6799,-0.4474
2004-06-01,depression,71,84.161,-13.3275,0.1665
2004-07-01,depression,67,83.5581,-16.3423,-0.2157
2004-08-01,depression,69,82.9598,-14.9549,0.9952
2004-09-01,depression,81,82.3676,-1.5312,0.1636
2004-10-01,depression,86,81.7828,4.6498,-0.4326
2004-11-01,depression,88,81.2069,7.9253,-1.1322
2004-12-01,depression,79,80.6429,-0.8082,-0.8348
2005-01-01,depression,78,80.1112,-1.4891,-0.622
2005-02-01,depression,88,79.6031,7.3984,0.9985
2005-03-01,depression,90,79.1377,11.4096,-0.5473
2005-04-01,depression,95,78.7077,10.7765,5.5158
2005-05-01,depression,88,78.2874,3.3236,6.3891
2005-06-01,depression,66,77.8639,-12.0987,0.2348
2005-07-01,depression,64,77.4272,-14.3235,0.8963
2005-08-01,depression,61,76.9715,-13.6197,-2.3519
2005-09-01,depression,69,76.4727,-1.7659,-5.7068
2005-10-01,depression,88,75.9193,4.1661,7.9145
2005-11-01,depression,85,75.3152,8.4441,1.2408
2005-12-01,depression,75,74.6642,-1.586,1.9218
2006-01-01,depression,81,73.974,-0.1178,7.1438
2006-02-01,depression,79,73.2501,6.1811,-0.4312
2006-03-01,depression,85,72.5061,9.0339,3.4601
2006-04-01,depression,82,71.7166,9.7381,0.5453
2006-05-01,depression,76,70.8337,2.9673,2.199
2006-06-01,depression,58,69.8562,-10.8491,-1.0071
2006-07-01,depression,54,68.8184,-12.3136,-2.5048
2006-08-01,depression,56,67.7598,-12.2975,0.5377
2006-09-01,depression,64,66.7202,-2.0237,-0.6965
2006-10-01,depression,71,65.7369,3.6128,1.6503
2006-11-01,depression,67,64.8228,8.8941,-6.7169
2006-12-01,depression,57,63.9638,-2.2777,-4.6861
2007-01-01,depression,64,63.1402,1.2105,-0.3508
2007-02-01,depression,66,62.3487,4.9249,-1.2736
2007-03-01,depression,66,61.5819,6.7307,-2.3126
2007-04-01,depression,62,60.8341,8.7455,-7.5796
2007-05-01,depression,61,60.1017,2.7603,-1.862
2007-06-01,depression,50,59.4068,-9.7052,0.2984
2007-07-01,depression,50,58.7871,-10.5162,1.7292
2007-08-01,depression,47,58.2429,-10.8832,-0.3597
2007-09-01,depression,56,57.7501,-2.4271,0.677
2007-10-01,depression,59,57.2823,2.9771,-1.2594
2007-11-01,depression,67,56.8317,9.3432,0.8251
2007-12-01,depression,52,56.3923,-3.1472,-1.245
2008-01-01,depression,59,55.9534,2.7574,0.2892
2008-02-01,depression,60,55.5196,4.6601,-0.1797
2008-03-01,depression,60,55.1039,4.9893,-0.0932
2008-04-01,depression,61,54.727,7.5234,-1.2504
2008-05-01,depression,56,54.3947,1.8954,-0.2901
2008-06-01,depression,46,54.1064,-8.5329,0.4264
2008-07-01,depression,45,53.8782,-8.8232,-0.055
2008-08-01,depression,44,53.704,-9.2466,-0.4574
2008-09-01,depression,61,53.5453,-2.7113,10.166
2008-10-01,depression,73,53.3811,1.8893,17.7296
2008-11-01,depression,61,53.2151,8.4738,-0.6889
2008-12-01,depression,57,53.0517,-3.7349,7.6832
2009-01-01,depression,57,52.8968,3.9003,0.2029
2009-02-01,depression,67,52.7557,4.6109,9.6334
2009-03-01,depression,63,52.6263,4.3517,6.0221
2009-04-01,depression,60,52.518,6.4339,1.048
2009-05-01,depression,54,52.4413,1.6677,-0.109
2009-06-01,depression,44,52.3874,-7.4072,-0.9802
2009-07-01,depression,44,52.3339,-7.7044,-0.6295
2009-08-01,depression,45,52.2639,-7.7479,0.484
2009-09-01,depression,48,52.1773,-2.9738,-1.2035
2009-10-01,depression,53,52.0827,1.2313,-0.314
2009-11-01,depression,60,51.9894,6.3331,1.6774
2009-12-01,depression,49,51.9013,-3.5674,0.6661
2010-01-01,depression,57,51.8113,4.5194,0.6693
2010-02-01,depression,57,51.709,4.5458,0.7452
2010-03-01,depression,55,51.5829,3.9919,-0.5749
2010-04-01,depression,56,51.4211,6.0533,-1.4744
2010-05-01,depression,53,51.2236,1.6511,0.1253
2010-06-01,depression,45,51.009,-6.7842,0.7752
2010-07-01,depression,45,50.7979,-6.9971,1.1992
2010-08-01,depression,44,50.6022,-6.3859,-0.2163
2010-09-01,depression,48,50.432,-3.1868,0.7547
2010-10-01,depression,51,50.2856,1.4043,-0.6899
2010-11-01,depression,52,50.1567,4.6806,-2.8373
2010-12-01,depression,46,50.0366,-3.5968,-0.4398
2011-01-01,depression,54,49.9208,4.6457,-0.5665
2011-02-01,depression,53,49.805,4.3479,-1.1528
2011-03-01,depression,54,49.6958,3.5431,0.7611
2011-04-01,depression,56,49.6141,5.5228,0.8631
2011-05-01,depression,51,49.5692,1.5975,-0.1667
2011-06-01,depression,44,49.5511,-6.4164,0.8653
2011-07-01,depression,42,49.5424,-6.0131,-1.5293
2011-08-01,depression,45,49.5279,-5.7374,1.2095
2011-09-01,depression,46,49.4944,-2.6711,-0.8233
2011-10-01,depression,52,49.4466,1.8892,0.6642
2011-11-01,depression,52,49.3984,3.2133,-0.6117
2011-12-01,depression,45,49.3621,-3.5374,-0.8247
2012-01-01,depression,55,49.3468,4.0996,1.5536
2012-02-01,depression,54,49.3543,4.0766,0.5691
2012-03-01,depression,52,49.3722,3.5986,-0.9708
2012-04-01,depression,54,49.3832,5.3416,-0.7249
2012-05-01,depression,51,49.3754,1.7553,-0.1307
2012-06-01,depression,40,49.3439,-6.3169,-3.027
2012-07-01,depression,45,49.2963,-5.7329,1.4366
2012-08-01,depression,44,49.2386,-5.669,0.4304
2012-09-01,depression,48,49.1856,-2.4045,1.2189
2012-10-01,depression,52,49.1462,2.08,0.7737
2012-11-01,depression,52,49.1194,2.5516,0.329
2012-12-01,depression,46,49.0926,-3.0459,-0.0467
2013-01-01,depression,52,49.0438,3.4657,-0.5096
2013-02-01,depression,52,48.9641,4.1651,-1.1292
2013-03-01,depression,52,48.8644,3.963,-0.8275
2013-04-01,depression,54,48.7635,5.1667,0.0698
2013-05-01,depression,50,48.6864,1.9685,-0.6549
2013-06-01,depression,44,48.6557,-6.6635,2.0078
2013-07-01,depression,44,48.6787,-6.127,1.4483
2013-08-01,depression,42,48.7531,-5.9659,-0.7872
2013-09-01,depression,45,48.8586,-1.8165,-2.0421
2013-10-01,depression,50,48.9724,2.1944,-1.1668
2013-11-01,depression,51,49.0831,2.6504,-0.7335
2013-12-01,depression,47,49.1939,-2.154,-0.0399
2014-01-01,depression,51,49.3157,2.6633,-0.9789
2014-02-01,depression,55,49.4617,4.066,1.4723
2014-03-01,depression,55,49.6389,4.4945,0.8666
2014-04-01,depression,55,49.8489,5.1212,0.0299
2014-05-01,depression,54,50.0796,2.007,1.9134
2014-06-01,depression,42,50.3127,-6.6516,-1.6611
2014-07-01,depression,42,50.5232,-7.0553,-1.4679
2014-08-01,depression,58,50.7012,-6.3277,13.6265
2014-09-01,depression,53,50.8627,-1.4609,3.5983
2014-10-01,depression,53,51.0251,2.3173,-0.3423
2014-11-01,depression,54,51.1979,2.7494,0.0527
2014-12-01,depression,50,51.3863,-1.26,-0.1263
2015-01-01,depression,55,51.601,1.7337,1.6652
2015-02-01,depression,55,51.8397,4.1819,-1.0216
2015-03-01,depression,64,52.0895,5.1521,6.7585
2015-04-01,depression,57,52.33,5.2968,-0.6268
2015-05-01,depression,53,52.5422,2.1142,-1.6564
2015-06-01,depression,47,52.7293,-7.0003,1.271
2015-07-01,depression,45,52.9089,-8.3026,0.3937
2015-08-01,depression,47,53.0907,-6.5825,0.4917
2015-09-01,depression,52,53.2667,-1.1033,-0.1634
2015-10-01,depression,57,53.4267,2.663,0.9103
2015-11-01,depression,57,53.563,3.1649,0.2721
2015-12-01,depression,54,53.6754,-0.881,1.2056
2016-01-01,depression,54,53.7617,1.3947,-1.1564
2016-02-01,depression,58,53.8235,4.1919,-0.0154
2016-03-01,depression,59,53.8648,5.7062,-0.5709
2016-04-01,depression,60,53.8944,5.1741,0.9315
2016-05-01,depression,57,53.9306,1.5323,1.5371
2016-06-01,depression,46,53.985,-7.0367,-0.9483
2016-07-01,depression,44,54.0649,-8.6901,-1.3748
2016-08-01,depression,47,54.1719,-6.6556,-0.5163
2016-09-01,depression,54,54.303,-1.5031,1.2
2016-10-01,depression,57,54.4524,3.0993,-0.5517
2016-11-01,depression,57,54.6126,4.0012,-1.6138
2016-12-01,depression,54,54.78,-0.9228,0.1428
2017-01-01,depression,55,54.9665,1.4123,-1.3788
2017-02-01,depression,60,55.1847,4.4785,0.3368
2017-03-01,depression,62,55.4363,5.7521,0.8116
2017-04-01,depression,61,55.7118,4.5204,0.7678
2017-05-01,depression,57,55.9929,0.8848,0.1223
2017-06-01,depression,49,56.2772,-6.3318,-0.9454
2017-07-01,depression,48,56.5621,-8.486,-0.0761
2017-08-01,depression,55,56.8347,-6.7901,4.9553
2017-09-01,depression,54,57.0867,-2.0278,-1.0589
2017-10-01,depression,61,57.3159,3.328,0.3561
2017-11-01,depression,64,57.525,4.4114,2.0636
2017-12-01,depression,56,57.7114,-1.3329,-0.3785
2018-01-01,depression,61,57.8813,1.913,1.2057
2018-02-01,depression,62,58.0415,5.242,-1.2835
2018-03-01,depression,65,58.1863,4.9782,1.8355
2018-04-01,depression,62,58.3087,3.0599,0.6314
2018-05-01,depression,57,58.4091,0.6913,-2.1004
2018-06-01,depression,57,58.4842,-5.3131,3.8289
2018-07-01,depression,51,58.5302,-7.8531,0.3229
2018-08-01,depression,52,58.546,-6.8524,0.3064
2018-09-01,depression,55,58.5406,-1.7456,-1.795
2018-10-01,depression,62,58.5195,3.3063,0.1742
2018-11-01,depression,64,58.4827,4.2668,1.2506
2018-12-01,depression,57,58.4424,-1.7989,0.3565
2019-01-01,depression,61,58.4082,2.4118,0.18
2019-02-01,depression,66,58.3856,5.5034,2.111
2019-03-01,depression,61,58.3624,4.0896,-1.452
2019-04-01,depression,59,58.3284,1.7063,-1.0347
2019-05-01,depression,59,58.2793,0.9249,-0.2042
2019-06-01,depression,54,58.2018,-3.9873,-0.2145
2019-07-01,depression,51,58.0935,-7.1064,0.0129
2019-08-01,depression,51,57.9603,-6.2507,-0.7096
2019-09-01,depression,59,57.8187,-1.302,2.4833
2019-10-01,depression,62,57.6776,2.6465,1.6759
2019-11-01,depression,61,57.5324,3.0232,0.4444
2019-12-01,depression,55,57.3564,-2.1086,-0.2477
2020-01-01,depression,55,57.0727,2.7529,-4.8256
2020-02-01,depression,63,56.6387,5.4484,0.9129
2020-03-01,depression,59,56.133,3.4592,-0.5922
2020-04-01,depression,65,55.6288,0.6506,8.7206
2020-05-01,depression,58,55.1237,1.8644,1.0119
2020-06-01,depression,58,54.6083,-3.0433,6.435
2020-07-01,depression,53,54.0942,-6.6018,5.5076
2020-08-01,depression,53,53.6036,-5.556,4.9524
2020-09-01,depression,58,53.1337,-0.7646,5.6309
2020-10-01,depression,54,52.6638,1.7534,-0.4172
2020-11-01,depression,52,52.1873,1.5603,-1.7476
2020-12-01,depression,50,51.727,-2.5561,0.8291
2021-01-01,depression,54,51.3623,2.8014,-0.1636
2021-02-01,depression,54,51.1293,5.2436,-2.3729
2021-03-01,depression,54,50.9887,4.104,-1.0927
2021-04-01,depression,51,50.9017,0.6095,-0.5112
2021-05-01,depression,53,50.8361,2.5175,-0.3536
2021-06-01,depression,49,50.7964,-2.688,0.8916
2021-07-01,depression,45,50.7924,-6.3215,0.5291
2021-08-01,depression,47,50.8357,-5.1254,1.2898
2021-09-01,depression,50,50.9262,-0.6267,-0.2996
2021-10-01,depression,50,51.0385,0.9521,-1.9905
2021-11-01,depression,51,51.14,0.7865,-0.9265
2021-12-01,depression,47,51.2106,-2.8043,-1.4063
2022-01-01,depression,55,51.2543,2.6852,1.0605
2022-02-01,depression,56,51.2822,5.1616,-0.4438
2022-03-01,depression,59,51.3039,4.8952,2.8009
2022-04-01,depression,61,51.324,1.2399,8.4361
2022-05-01,depression,56,51.3423,2.3201,2.3376
2022-06-01,depression,49,51.3514,-2.7035,0.352
2022-07-01,depression,45,51.3337,-6.1721,-0.1616
2022-08-01,depression,46,51.2675,-4.9569,-0.3106
2022-09-01,depression,50,51.1377,-0.8962,-0.2416
2022-10-01,depression,53,50.9414,0.4496,1.609
2022-11-01,depression,52,50.6839,1.0908,0.2253
2022-12-01,depression,48,50.3747,-3.0845,0.7097
2023-01-01,depression,52,50.0204,1.9929,-0.0132
2023-02-01,depression,56,49.6331,6.6124,-0.2456
2023-03-01,depression,55,49.2266,5.2311,0.5423
2023-04-01,depression,51,48.813,2.6137,-0.4267
2023-05-01,depression,49,48.3973,-0.915,1.5177
2023-06-01,depression,44,48.0014,-4.6491,0.6476
2023-07-01,depression,41,47.6455,-7.0791,0.4335
2023-08-01,depression,41,47.3333,-4.7793,-1.554
2023-09-01,depression,46,47.0752,1.2806,-2.3558
2023-10-01,depression,46,46.8711,0.7953,-1.6663
2023-11-01,depression,48,46.699,2.857,-1.556
2023-12-01,depression,43,46.5461,-3.2453,-0.3008
2024-01-01,depression,47,46.4179,0.8655,-0.2834
2024-02-01,depression,51,46.3263,11.0544,-6.3806
2024-03-01,depression,51,46.2779,3.3938,1.3283
2024-04-01,depression,50,46.2682,3.7934,-0.0617
2024-05-01,depression,50,46.2891,-4.0808,7.7917
2024-06-01,depression,40,46.3519,-7.0436,0.6916
2024-07-01,depression,39,46.4618,-8.3403,0.8786
2024-08-01,depression,40,46.6411,-4.2723,-2.3688
2024-09-01,depression,44,46.9023,3.2858,-6.1882
2024-10-01,depression,47,47.2409,1.2511,-1.492
2024-11-01,depression,47,47.6608,4.5645,-5.2252
2024-12-01,depression,43,48.1564,-3.2173,-1.9391
2025-01-01,depression,45,48.7084,-0.1225,-3.5859
2025-02-01,depression,49,49.3232,14.6356,-14.9588
2025-03-01,depression,51,50.0047,1.3298,-0.3344
2025-04-01,depression,48,50.7588,5.0889,-7.8478
2025-05-01,depression,43,51.8377,-7.3355,-1.5022
2025-06-01,depression,42,52.9217,-9.4531,-1.4685
2025-07-01,depression,43,54.009,-9.5836,-1.4254
2025-08-01,depression,53,55.1029,-3.607,1.5041
2025-09-01,depression,62,56.206,5.4229,0.3711
2025-10-01,depression,60,57.3184,1.7899,0.8916
2025-11-01,depression,65,58.4392,6.3613,0.1994
2025-12-01,depression,57,59.5668,-3.1649,0.5981
2026-01-01,depression,60,60.6993,-1.1021,0.4028
2026-02-01,depression,80,61.8348,18.2851,-0.1199
2026-03-01,depression,61,62.9713,-0.9214,-1.0499
2004-01-01,insomnia,51,43.594,7.1182,0.2878
2004-02-01,insomnia,48,43.7433,4.2358,0.0208
2004-03-01,insomnia,49,43.8972,3.7026,1.4002
2004-04-01,insomnia,47,44.0558,3.6393,-0.6951
2004-05-01,insomnia,44,44.2188,-0.3559,0.1371
2004-06-01,insomnia,39,44.386,-5.2167,-0.1693
2004-07-01,insomnia,43,44.5571,-1.0828,-0.4743
2004-08-01,insomnia,42,44.7318,-3.2636,0.5318
2004-09-01,insomnia,41,44.9098,-2.8649,-1.045
2004-10-01,insomnia,44,45.0911,0.4346,-1.5257
2004-11-01,insomnia,42,45.278,-2.7464,-0.5316
2004-12-01,insomnia,45,45.4847,-1.1317,0.647
2005-01-01,insomnia,53,45.7609,7.0391,0.2
2005-02-01,insomnia,50,46.0248,3.5266,0.4486
2005-03-01,insomnia,47,46.2394,2.6745,-1.9139
2005-04-01,insomnia,50,46.4059,2.0794,1.5148
2005-05-01,insomnia,44,46.5163,-2.0018,-0.5145
2005-06-01,insomnia,46,46.5659,-5.1922,4.6264
2005-07-01,insomnia,48,46.5607,-0.6015,2.0408
2005-08-01,insomnia,50,46.5113,-2.3169,5.8056
2005-09-01,insomnia,47,46.4227,-2.023,2.6003
2005-10-01,insomnia,49,46.2943,1.4293,1.2764
2005-11-01,insomnia,45,46.1142,-1.5354,0.4212
2005-12-01,insomnia,44,45.8598,-0.8988,-0.9611
2006-01-01,insomnia,47,45.5136,7.0884,-5.602
2006-02-01,insomnia,48,45.0807,2.9155,0.0038
2006-03-01,insomnia,47,44.5993,1.7487,0.652
2006-04-01,insomnia,45,44.105,0.6392,0.2558
2006-05-01,insomnia,41,43.6256,-3.6577,1.0321
2006-06-01,insomnia,38,43.161,-5.0658,-0.0953
2006-07-01,insomnia,40,42.7067,-0.0571,-2.6495
2006-08-01,insomnia,39,42.2686,-1.2999,-1.9686
2006-09-01,insomnia,40,41.8572,-1.2273,-0.6299
2006-10-01,insomnia,45,41.4934,1.8185,1.6881
2006-11-01,insomnia,41,41.1967,-0.3504,0.1536
2006-12-01,insomnia,41,40.9706,-0.5708,0.6002
2007-01-01,insomnia,44,40.8127,7.0274,-3.8401
2007-02-01,insomnia,42,40.729,2.4319,-1.161
2007-03-01,insomnia,40,40.7082,1.1457,-1.8539
2007-04-01,insomnia,38,40.7334,-0.7057,-2.0277
2007-05-01,insomnia,35,40.7828,-5.3045,-0.4782
2007-06-01,insomnia,35,40.8481,-4.8771,-0.971
2007-07-01,insomnia,42,40.943,0.2461,0.811
2007-08-01,insomnia,42,41.091,-0.3769,1.2859
2007-09-01,insomnia,41,41.2982,-0.948,0.6498
2007-10-01,insomnia,52,41.5442,1.311,9.1448
2007-11-01,insomnia,43,41.7974,0.5651,0.6376
2007-12-01,insomnia,40,42.0294,-0.2728,-1.7566
2008-01-01,insomnia,50,42.257,7.0615,0.6814
2008-02-01,insomnia,44,42.6663,2.3469,-1.0133
2008-03-01,insomnia,44,43.4789,1.217,-0.6959
2008-04-01,insomnia,41,44.5607,-1.1838,-2.3769
2008-05-01,insomnia,38,45.6513,-5.6461,-2.0052
2008-06-01,insomnia,36,46.6978,-4.835,-5.8628
2008-07-01,insomnia,41,47.7412,0.5794,-7.3207
2008-08-01,insomnia,39,48.8001,0.756,-10.5561
2008-09-01,insomnia,39,49.852,-1.4819,-9.3701
2008-10-01,insomnia,44,50.9009,-0.1584,-6.7425
2008-11-01,insomnia,53,51.9803,0.4492,0.5705
2008-12-01,insomnia,54,53.1418,-0.2133,1.0715
2009-01-01,insomnia,63,54.2784,8.4169,0.3047
2009-02-01,insomnia,59,55.1304,2.3516,1.518
2009-03-01,insomnia,58,55.6335,1.1657,1.2008
2009-04-01,insomnia,57,55.9601,-1.062,2.1019
2009-05-01,insomnia,57,56.2523,-5.4254,6.1731
2009-06-01,insomnia,53,56.5368,-4.6198,1.083
2009-07-01,insomnia,57,56.805,1.0521,-0.8571
2009-08-01,insomnia,58,57.044,1.6143,-0.6583
2009-09-01,insomnia,55,57.2351,-1.9029,-0.3322
2009-10-01,insomnia,55,57.3726,-2.5285,0.1559
2009-11-01,insomnia,57,57.4747,0.4032,-0.878
2009-12-01,insomnia,58,57.5582,-0.1106,0.5524
2010-01-01,insomnia,70,57.6315,8.2391,4.1294
2010-02-01,insomnia,60,57.6895,2.1567,0.1537
2010-03-01,insomnia,60,57.7265,0.6761,1.5974
2010-04-01,insomnia,57,57.7452,-0.3417,-0.4035
2010-05-01,insomnia,54,57.7449,-4.7921,1.0471
2010-06-01,insomnia,51,57.7128,-4.0389,-2.6739
2010-07-01,insomnia,60,57.6465,1.2221,1.1314
2010-08-01,insomnia,61,57.5517,1.7201,1.7282
2010-09-01,insomnia,55,57.4389,-2.0918,-0.3471
2010-10-01,insomnia,55,57.3138,-2.0169,-0.2969
2010-11-01,insomnia,57,57.1803,0.6487,-0.829
2010-12-01,insomnia,56,57.0328,-0.3014,-0.7315
2011-01-01,insomnia,65,56.87,7.6193,0.5107
2011-02-01,insomnia,59,56.7034,0.9752,1.3214
2011-03-01,insomnia,55,56.5387,-0.0504,-1.4882
2011-04-01,insomnia,57,56.3712,-0.2168,0.8456
2011-05-01,insomnia,52,56.1938,-4.1957,0.002
2011-06-01,insomnia,54,56.0051,-3.8275,1.8224
2011-07-01,insomnia,57,55.7986,1.6645,-0.4631
2011-08-01,insomnia,57,55.5739,1.6363,-0.2102
2011-09-01,insomnia,53,55.3444,-0.8644,-1.48
2011-10-01,insomnia,54,55.1272,-1.3461,0.2189
2011-11-01,insomnia,58,54.9345,0.6839,2.3816
2011-12-01,insomnia,55,54.7787,-0.8433,1.0646
2012-01-01,insomnia,59,54.6593,6.8302,-2.4895
2012-02-01,insomnia,53,54.5712,-0.1287,-1.4426
2012-03-01,insomnia,53,54.5141,-0.562,-0.9521
2012-04-01,insomnia,53,54.4846,0.2245,-1.709
2012-05-01,insomnia,50,54.4732,-4.2731,-0.2001
2012-06-01,insomnia,51,54.4766,-3.5016,0.025
2012-07-01,insomnia,57,54.5003,1.4269,1.0728
2012-08-01,insomnia,55,54.5473,1.5385,-1.0858
2012-09-01,insomnia,57,54.6181,0.5119,1.87
2012-10-01,insomnia,54,54.7048,-0.56,-0.1449
2012-11-01,insomnia,56,54.79,0.1698,1.0402
2012-12-01,insomnia,53,54.8555,-1.2815,-0.574
2013-01-01,insomnia,62,54.8947,5.997,1.1083
2013-02-01,insomnia,53,54.9026,-0.3587,-1.5439
2013-03-01,insomnia,55,54.8815,-0.3908,0.5093
2013-04-01,insomnia,56,54.8437,0.5443,0.612
2013-05-01,insomnia,50,54.804,-4.0968,-0.7072
2013-06-01,insomnia,51,54.7734,-3.5625,-0.2109
2013-07-01,insomnia,56,54.7634,0.7083,0.5283
2013-08-01,insomnia,57,54.7818,1.4675,0.7507
2013-09-01,insomnia,56,54.816,1.8397,-0.6557
2013-10-01,insomnia,55,54.8488,0.2375,-0.0863
2013-11-01,insomnia,52,54.8723,-0.6626,-2.2097
2013-12-01,insomnia,53,54.8913,-1.6653,-0.2261
2014-01-01,insomnia,60,54.9167,5.4789,-0.3956
2014-02-01,insomnia,58,54.9596,-0.5719,3.6124
2014-03-01,insomnia,55,55.0225,0.1606,-0.1832
2014-04-01,insomnia,57,55.1118,0.6607,1.2275
2014-05-01,insomnia,52,55.2353,-3.6468,0.4114
2014-06-01,insomnia,51,55.3873,-3.5424,-0.8449
2014-07-01,insomnia,53,55.5479,0.0481,-2.596
2014-08-01,insomnia,66,55.7024,1.252,9.0457
2014-09-01,insomnia,63,55.8506,2.3676,4.7818
2014-10-01,insomnia,57,55.9971,0.7608,0.2422
2014-11-01,insomnia,54,56.1539,-1.3939,-0.76
2014-12-01,insomnia,54,56.3315,-1.4678,-0.8638
2015-01-01,insomnia,62,56.5401,4.8708,0.5891
2015-02-01,insomnia,57,56.7837,-0.7108,0.9271
2015-03-01,insomnia,58,57.0506,0.7535,0.1959
2015-04-01,insomnia,57,57.3006,0.7904,-1.091
2015-05-01,insomnia,54,57.4949,-3.2321,-0.2628
2015-06-01,insomnia,55,57.6222,-3.4581,0.8359
2015-07-01,insomnia,58,57.698,-0.3757,0.6777
2015-08-01,insomnia,59,57.7454,0.901,0.3536
2015-09-01,insomnia,61,57.7742,2.509,0.7168
2015-10-01,insomnia,60,57.7883,0.6319,1.5798
2015-11-01,insomnia,58,57.7957,-1.4859,1.6903
2015-12-01,insomnia,57,57.8054,-1.1515,0.3461
2016-01-01,insomnia,60,57.8155,4.6925,-2.508
2016-02-01,insomnia,55,57.8183,-1.2239,-1.5944
2016-03-01,insomnia,58,57.8261,1.7285,-1.5546
2016-04-01,insomnia,58,57.8599,0.8413,-0.7011
2016-05-01,insomnia,58,57.9357,-3.7711,3.8355
2016-06-01,insomnia,55,58.0801,-3.2599,0.1798
2016-07-01,insomnia,57,58.3142,0.0714,-1.3857
2016-08-01,insomnia,58,58.6299,0.5364,-1.1664
2016-09-01,insomnia,61,58.9894,2.3961,-0.3855
2016-10-01,insomnia,59,59.3603,0.2566,-0.6169
2016-11-01,insomnia,57,59.7108,-0.911,-1.7998
2016-12-01,insomnia,61,60.021,-1.2653,2.2443
2017-01-01,insomnia,66,60.2926,4.4567,1.2508
2017-02-01,insomnia,66,60.5372,-1.2023,6.6651
2017-03-01,insomnia,65,60.7619,2.398,1.8401
2017-04-01,insomnia,64,60.9713,0.7856,2.243
2017-05-01,insomnia,57,61.1534,-4.6945,0.5411
2017-06-01,insomnia,57,61.2919,-2.9232,-1.3687
2017-07-01,insomnia,64,61.3738,0.3849,2.2414
2017-08-01,insomnia,62,61.392,0.9637,-0.3557
2017-09-01,insomnia,63,61.3592,1.8416,-0.2008
2017-10-01,insomnia,60,61.3058,-0.0562,-1.2495
2017-11-01,insomnia,61,61.2639,-0.9255,0.6616
2017-12-01,insomnia,58,61.247,-1.4117,-1.8353
2018-01-01,insomnia,66,61.2627,4.5752,0.1621
2018-02-01,insomnia,60,61.3203,-0.748,-0.5723
2018-03-01,insomnia,65,61.4171,2.7875,0.7953
2018-04-01,insomnia,62,61.5412,0.5754,-0.1166
2018-05-01,insomnia,54,61.6891,-6.0831,-1.606
2018-06-01,insomnia,60,61.8543,-2.4763,0.6221
2018-07-01,insomnia,62,62.0223,0.9546,-0.9769
2018-08-01,insomnia,64,62.1889,1.7735,0.0376
2018-09-01,insomnia,64,62.3537,1.6704,-0.0242
2018-10-01,insomnia,63,62.5202,0.067,0.4128
2018-11-01,insomnia,64,62.6944,-1.7287,3.0343
2018-12-01,insomnia,61,62.8823,-1.8134,-0.0689
2019-01-01,insomnia,66,63.0848,4.6447,-1.7295
2019-02-01,insomnia,65,63.3029,-0.0187,1.7159
2019-03-01,insomnia,65,63.5369,2.3055,-0.8424
2019-04-01,insomnia,63,63.7887,0.5826,-1.3713
2019-05-01,insomnia,57,64.0566,-7.3796,0.323
2019-06-01,insomnia,62,64.3407,-1.6486,-0.6921
2019-07-01,insomnia,65,64.6521,1.4795,-1.1316
2019-08-01,insomnia,68,65.0038,2.3563,0.6399
2019-09-01,insomnia,66,65.4107,1.72,-1.1307
2019-10-01,insomnia,66,65.8808,0.4061,-0.2868
2019-11-01,insomnia,63,66.4011,-3.3159,-0.0853
2019-12-01,insomnia,65,66.9519,-2.0898,0.1379
2020-01-01,insomnia,74,67.504,4.3346,2.1614
2020-02-01,insomnia,66,68.0194,0.6753,-2.6947
2020-03-01,insomnia,63,68.481,1.8368,-7.3178
2020-04-01,insomnia,79,68.8843,0.7009,9.4148
2020-05-01,insomnia,77,69.2368,-5.7438,13.507
2020-06-01,insomnia,69,69.5554,-1.2518,0.6964
2020-07-01,insomnia,74,69.8683,1.8136,2.3182
2020-08-01,insomnia,73,70.172,2.2439,0.5841
2020-09-01,insomnia,75,70.4305,1.3893,3.1802
2020-10-01,insomnia,72,70.5871,0.094,1.3189
2020-11-01,insomnia,63,70.6093,-4.9705,-2.6388
2020-12-01,insomnia,69,70.5225,-2.4309,0.9084
2021-01-01,insomnia,73,70.3757,4.6403,-2.0161
2021-02-01,insomnia,72,70.2104,1.1082,0.6814
2021-03-01,insomnia,71,70.0383,1.688,-0.7263
2021-04-01,insomnia,72,69.8721,0.6623,1.4657
2021-05-01,insomnia,71,69.73,-4.6737,5.9437
2021-06-01,insomnia,69,69.6321,-0.8638,0.2317
2021-07-01,insomnia,71,69.584,2.4495,-1.0334
2021-08-01,insomnia,71,69.575,1.6103,-0.1854
2021-09-01,insomnia,70,69.5837,1.5113,-1.095
2021-10-01,insomnia,69,69.6036,-0.4274,-0.1762
2021-11-01,insomnia,63,69.6444,-5.675,-0.9694
2021-12-01,insomnia,65,69.706,-2.7941,-1.9119
2022-01-01,insomnia,75,69.7916,4.4132,0.7953
2022-02-01,insomnia,72,69.9056,1.695,0.3993
2022-03-01,insomnia,73,70.0557,1.8917,1.0526
2022-04-01,insomnia,71,70.2419,-0.0011,0.7591
2022-05-01,insomnia,67,70.4547,-3.1721,-0.2825
2022-06-01,insomnia,68,70.6731,0.096,-2.7691
2022-07-01,insomnia,74,70.8805,1.9938,1.1256
2022-08-01,insomnia,72,71.0703,0.9486,-0.0189
2022-09-01,insomnia,72,71.2408,1.949,-1.1898
2022-10-01,insomnia,69,71.3917,-0.7338,-1.6579
2022-11-01,insomnia,67,71.5246,-5.3635,0.8389
2022-12-01,insomnia,70,71.652,-3.251,1.599
2023-01-01,insomnia,78,71.7849,3.6616,2.5535
2023-02-01,insomnia,74,71.9225,2.3167,-0.2392
2023-03-01,insomnia,74,72.0469,2.4094,-0.4563
2023-04-01,insomnia,69,72.141,-2.7531,-0.3879
2023-05-01,insomnia,70,72.1982,-2.9912,0.793
2023-06-01,insomnia,74,72.2279,1.5439,0.2282
2023-07-01,insomnia,79,72.2382,0.8611,5.9007
2023-08-01,insomnia,72,72.2358,1.7057,-1.9415
2023-09-01,insomnia,76,72.2371,3.4749,0.288
2023-10-01,insomnia,73,72.2591,-1.4043,2.1452
2023-11-01,insomnia,68,72.2991,-4.9874,0.6883
2023-12-01,insomnia,68,72.3463,-3.1394,-1.2069
2024-01-01,insomnia,74,72.3927,2.2977,-0.6905
2024-02-01,insomnia,75,72.4377,4.7043,-2.1419
2024-03-01,insomnia,75,72.4889,2.2287,0.2824
2024-04-01,insomnia,69,72.5616,-5.9721,2.4105
2024-05-01,insomnia,69,72.6602,-3.0719,-0.5883
2024-06-01,insomnia,76,72.7925,3.0679,0.1396
2024-07-01,insomnia,73,72.9871,-0.2888,0.3016
2024-08-01,insomnia,74,73.2453,2.601,-1.8462
2024-09-01,insomnia,68,73.5676,5.0349,-10.6025
2024-10-01,insomnia,72,74.0341,-2.0656,0.0315
2024-11-01,insomnia,67,74.7128,-4.5413,-3.1714
2024-12-01,insomnia,65,75.5342,-3.0836,-7.4506
2025-01-01,insomnia,76,76.3788,0.893,-1.2718
2025-02-01,insomnia,70,77.2126,6.8351,-14.0477
2025-03-01,insomnia,73,78.0508,2.0634,-7.1141
2025-04-01,insomnia,68,78.9253,-9.2219,-1.7035
2025-05-01,insomnia,66,80.0344,-3.2346,-10.7998
2025-06-01,insomnia,68,81.1506,4.7492,-17.8998
2025-07-01,insomnia,80,82.2768,-1.4861,-0.7906
2025-08-01,insomnia,89,83.4134,3.6154,1.9712
2025-09-01,insomnia,91,84.5599,6.6582,-0.2181
2025-10-01,insomnia,82,85.7144,-2.7426,-0.9718
2025-11-01,insomnia,83,86.8755,-4.1778,0.3023
2025-12-01,insomnia,85,88.0423,-3.02,-0.0223
2026-01-01,insomnia,89,89.2142,-0.5831,0.3689
2026-02-01,insomnia,100,90.3904,9.0599,0.5497
2026-03-01,insomnia,93,91.57,1.885,-0.455
2004-01-01,loneliness,51,54.8601,-3.3241,-0.5359
2004-02-01,loneliness,59,54.3812,5.4892,-0.8704
2004-03-01,loneliness,61,53.899,6.0114,1.0896
2004-04-01,loneliness,60,53.4139,7.1651,-0.5791
2004-05-01,loneliness,58,52.9261,3.5499,1.524
2004-06-01,loneliness,44,52.4356,-7.261,-1.1747
2004-07-01,loneliness,45,51.9423,-7.1841,0.2419
2004-08-01,loneliness,44,51.4457,-7.6906,0.2449
2004-09-01,loneliness,49,50.9459,-2.8754,0.9295
2004-10-01,loneliness,50,50.4418,0.6984,-1.1402
2004-11-01,loneliness,57,49.9306,6.0288,1.0406
2004-12-01,loneliness,50,49.4041,0.632,-0.036
2005-01-01,loneliness,47,48.8831,-2.9669,1.0838
2005-02-01,loneliness,46,48.3957,5.038,-7.4338
2005-03-01,loneliness,51,47.9292,4.3683,-1.2974
2005-04-01,loneliness,53,47.4816,5.3906,0.1279
2005-05-01,loneliness,46,47.0754,2.2817,-3.3571
2005-06-01,loneliness,42,46.74,-5.7806,1.0405
2005-07-01,loneliness,38,46.5192,-5.9103,-2.6089
2005-08-01,loneliness,39,46.4213,-6.0915,-1.3298
2005-09-01,loneliness,42,46.4513,-2.1952,-2.2561
2005-10-01,loneliness,49,46.5954,1.1415,1.2631
2005-11-01,loneliness,50,46.7556,5.0766,-1.8322
2005-12-01,loneliness,59,46.8296,0.8932,11.2773
2006-01-01,loneliness,52,46.8172,-2.5163,7.6991
2006-02-01,loneliness,54,46.7796,4.4845,2.736
2006-03-01,loneliness,56,46.7166,2.7977,6.4858
2006-04-01,loneliness,52,46.6316,3.6266,1.7419
2006-05-01,loneliness,54,46.5486,1.0249,6.4265
2006-06-01,loneliness,47,46.424,-4.3277,4.9036
2006-07-01,loneliness,44,46.1839,-4.7924,2.6085
2006-08-01,loneliness,42,45.7281,-4.5769,0.8487
2006-09-01,loneliness,44,45.0239,-1.5394,0.5155
2006-10-01,loneliness,46,44.1834,1.571,0.2456
2006-11-01,loneliness,42,43.3428,4.0684,-5.4111
2006-12-01,loneliness,43,42.5268,1.1042,-0.631
2007-01-01,loneliness,38,41.7323,-2.2001,-1.5323
2007-02-01,loneliness,39,40.9682,4.7257,-6.6938
2007-03-01,loneliness,40,40.2424,1.165,-1.4074
2007-04-01,loneliness,39,39.556,1.9118,-2.4678
2007-05-01,loneliness,38,38.9148,-0.595,-0.3198
2007-06-01,loneliness,35,38.3443,-2.8281,-0.5162
2007-07-01,loneliness,35,37.8589,-3.5171,0.6583
2007-08-01,loneliness,35,37.4486,-3.0019,0.5533
2007-09-01,loneliness,36,37.0831,-0.7066,-0.3765
2007-10-01,loneliness,38,36.7309,1.9213,-0.6522
2007-11-01,loneliness,40,36.3814,3.1012,0.5174
2007-12-01,loneliness,38,36.0317,1.3137,0.6546
2008-01-01,loneliness,34,35.6855,-1.7075,0.022
2008-02-01,loneliness,37,35.3561,2.5104,-0.8665
2008-03-01,loneliness,37,35.0641,0.1903,1.7456
2008-04-01,loneliness,34,34.831,0.7782,-1.6091
2008-05-01,loneliness,34,34.6572,0.0469,-0.7041
2008-06-01,loneliness,32,34.5329,-2.3939,-0.1391
2008-07-01,loneliness,29,34.455,-2.9988,-2.4562
2008-08-01,loneliness,31,34.4292,-1.9997,-1.4295
2008-09-01,loneliness,34,34.4711,-0.0975,-0.3736
2008-10-01,loneliness,35,34.5971,2.4037,-2.0008
2008-11-01,loneliness,37,34.8156,2.4609,-0.2765
2008-12-01,loneliness,36,35.1294,0.8632,0.0075
2009-01-01,loneliness,36,35.5339,-1.4019,1.868
2009-02-01,loneliness,36,36.008,1.0926,-1.1005
2009-03-01,loneliness,34,36.5188,0.2075,-2.7263
2009-04-01,loneliness,37,37.0417,0.9471,-0.9888
2009-05-01,loneliness,38,37.564,0.9723,-0.5364
2009-06-01,loneliness,36,38.0814,-2.2414,0.16
2009-07-01,loneliness,36,38.6018,-3.0805,0.4787
2009-08-01,loneliness,39,39.1329,-1.5402,1.4073
2009-09-01,loneliness,41,39.6644,0.0054,1.3302
2009-10-01,loneliness,45,40.1834,2.7183,2.0983
2009-11-01,loneliness,41,40.664,1.9345,-1.5985
2009-12-01,loneliness,41,41.0838,0.1472,-0.2311
2010-01-01,loneliness,39,41.4401,-1.2629,-1.1773
2010-02-01,loneliness,43,41.7455,0.0295,1.225
2010-03-01,loneliness,51,42.0116,-0.0534,9.0418
2010-04-01,loneliness,45,42.2478,1.7394,1.0129
2010-05-01,loneliness,47,42.4708,1.3497,3.1795
2010-06-01,loneliness,40,42.701,-1.9751,-0.726
2010-07-01,loneliness,41,42.9493,-2.9922,1.0429
2010-08-01,loneliness,41,43.2047,-0.9839,-1.2208
2010-09-01,loneliness,42,43.4462,0.2455,-1.6917
2010-10-01,loneliness,47,43.6546,2.8402,0.5051
2010-11-01,loneliness,46,43.8424,1.7205,0.4371
2010-12-01,loneliness,43,44.0241,-0.3879,-0.6362
2011-01-01,loneliness,42,44.2047,-1.1221,-1.0826
2011-02-01,loneliness,51,44.38,-0.7964,7.4164
2011-03-01,loneliness,46,44.5495,-0.2236,1.6741
2011-04-01,loneliness,49,44.7108,1.8894,2.3998
2011-05-01,loneliness,46,44.8459,1.8932,-0.7391
2011-06-01,loneliness,44,44.9383,-1.7064,0.7681
2011-07-01,loneliness,41,44.9713,-2.8589,-1.1124
2011-08-01,loneliness,46,44.9406,-1.0642,2.1236
2011-09-01,loneliness,46,44.8511,0.2496,0.8993
2011-10-01,loneliness,47,44.7091,2.1158,0.1751
2011-11-01,loneliness,47,44.5345,1.8804,0.5851
2011-12-01,loneliness,44,44.3579,-0.4215,0.0635
2012-01-01,loneliness,45,44.1958,-0.552,1.3562
2012-02-01,loneliness,41,44.0433,-1.2573,-1.7861
2012-03-01,loneliness,43,43.8895,0.0718,-0.9612
2012-04-01,loneliness,44,43.7285,1.6797,-1.4083
2012-05-01,loneliness,45,43.5693,2.136,-0.7053
2012-06-01,loneliness,42,43.4195,-1.5284,0.1089
2012-07-01,loneliness,41,43.2937,-2.9358,0.6421
2012-08-01,loneliness,42,43.2035,-1.3581,0.1547
2012-09-01,loneliness,44,43.1535,0.1188,0.7278
2012-10-01,loneliness,44,43.1377,1.319,-0.4566
2012-11-01,loneliness,45,43.1381,1.9835,-0.1215
2012-12-01,loneliness,43,43.1369,-0.0187,-0.1181
2013-01-01,loneliness,43,43.1172,0.2573,-0.3745
2013-02-01,loneliness,42,43.0801,-1.4022,0.3221
2013-03-01,loneliness,42,43.0383,0.3751,-1.4134
2013-04-01,loneliness,44,43.0113,1.1425,-0.1539
2013-05-01,loneliness,47,43.0169,2.1919,1.7913
2013-06-01,loneliness,42,43.0652,-1.6935,0.6283
2013-07-01,loneliness,40,43.1531,-2.8208,-0.3322
2013-08-01,loneliness,40,43.2678,-1.9502,-1.3176
2013-09-01,loneliness,43,43.3891,-0.1946,-0.1945
2013-10-01,loneliness,43,43.5084,1.2118,-1.7202
2013-11-01,loneliness,45,43.6243,2.0614,-0.6858
2013-12-01,loneliness,44,43.732,0.3997,-0.1317
2014-01-01,loneliness,45,43.8378,0.4622,0.7
2014-02-01,loneliness,44,43.9506,-0.5059,0.5553
2014-03-01,loneliness,47,44.0808,0.5442,2.375
2014-04-01,loneliness,50,44.2249,0.9091,4.866
2014-05-01,loneliness,46,44.3648,2.0727,-0.4375
2014-06-01,loneliness,41,44.4829,-1.8204,-1.6625
2014-07-01,loneliness,42,44.5686,-3.017,0.4485
2014-08-01,loneliness,43,44.6264,-2.894,1.2675
2014-09-01,loneliness,42,44.6649,-0.1234,-2.5415
2014-10-01,loneliness,47,44.6946,1.4101,0.8953
2014-11-01,loneliness,47,44.7278,2.1562,0.116
2014-12-01,loneliness,46,44.776,0.6414,0.5826
2015-01-01,loneliness,41,44.8401,0.6191,-4.4592
2015-02-01,loneliness,45,44.9125,0.1187,-0.0312
2015-03-01,loneliness,46,44.9771,0.7438,0.2791
2015-04-01,loneliness,45,45.0238,1.1812,-1.205
2015-05-01,loneliness,47,45.0459,1.3606,0.5936
2015-06-01,loneliness,44,45.0413,-2.0412,0.9999
2015-07-01,loneliness,42,45.0044,-3.4494,0.445
2015-08-01,loneliness,41,44.9283,-3.3759,-0.5524
2015-09-01,loneliness,46,44.8178,0.0197,1.1625
2015-10-01,loneliness,47,44.6722,1.7721,0.5556
2015-11-01,loneliness,48,44.4945,2.217,1.2885
2015-12-01,loneliness,45,44.2965,0.6013,0.1022
2016-01-01,loneliness,46,44.0831,0.7294,1.1875
2016-02-01,loneliness,44,43.8534,1.0137,-0.8671
2016-03-01,loneliness,43,43.6122,0.6103,-1.2225
2016-04-01,loneliness,45,43.3661,1.2451,0.3888
2016-05-01,loneliness,43,43.1212,0.7948,-0.9159
2016-06-01,loneliness,41,42.8884,-2.2086,0.3202
2016-07-01,loneliness,38,42.6867,-3.8541,-0.8326
2016-08-01,loneliness,38,42.5306,-3.4798,-1.0509
2016-09-01,loneliness,44,42.4239,0.1521,1.424
2016-10-01,loneliness,44,42.3663,1.6799,-0.0462
2016-11-01,loneliness,43,42.3485,2.3001,-1.6486
2016-12-01,loneliness,43,42.3562,0.2972,0.3465
2017-01-01,loneliness,42,42.3821,1.0842,-1.4663
2017-02-01,loneliness,44,42.4298,2.399,-0.8288
2017-03-01,loneliness,43,42.5028,0.4556,0.0416
2017-04-01,loneliness,45,42.6092,1.2869,1.1039
2017-05-01,loneliness,43,42.7584,0.4405,-0.1989
2017-06-01,loneliness,40,42.9476,-2.572,-0.3757
2017-07-01,loneliness,39,43.1647,-4.3852,0.2205
2017-08-01,loneliness,40,43.3974,-3.1655,-0.2319
2017-09-01,loneliness,42,43.6275,-0.0791,-1.5484
2017-10-01,loneliness,45,43.8482,1.3892,-0.2374
2017-11-01,loneliness,47,44.0635,2.1613,0.7752
2017-12-01,loneliness,43,44.2708,0.2348,-1.5056
2018-01-01,loneliness,48,44.4673,0.7473,2.7854
2018-02-01,loneliness,50,44.6543,4.1323,1.2134
2018-03-01,loneliness,46,44.8304,0.6407,0.5289
2018-04-01,loneliness,45,44.9843,1.265,-1.2493
2018-05-01,loneliness,46,45.1063,0.23,0.6636
2018-06-01,loneliness,42,45.19,-3.0665,-0.1235
2018-07-01,loneliness,41,45.2315,-4.9422,0.7107
2018-08-01,loneliness,44,45.2317,-2.5285,1.2968
2018-09-01,loneliness,45,45.1986,-0.4138,0.2152
2018-10-01,loneliness,46,45.1349,1.5772,-0.7121
2018-11-01,loneliness,47,45.0424,2.0536,-0.096
2018-12-01,loneliness,46,44.9277,0.12,0.9523
2019-01-01,loneliness,45,44.7932,0.2156,-0.0088
2019-02-01,loneliness,50,44.6505,5.2783,0.0712
2019-03-01,loneliness,45,44.5164,0.6055,-0.1219
2019-04-01,loneliness,46,44.4021,0.7949,0.8031
2019-05-01,loneliness,44,44.3092,0.1315,-0.4407
2019-06-01,loneliness,41,44.2364,-3.3343,0.0979
2019-07-01,loneliness,38,44.1795,-4.9116,-1.2679
2019-08-01,loneliness,41,44.1363,-2.0214,-1.1149
2019-09-01,loneliness,43,44.1167,0.1751,-1.2918
2019-10-01,loneliness,46,44.1459,2.3884,-0.5343
2019-11-01,loneliness,47,44.2647,1.4262,1.3091
2019-12-01,loneliness,45,44.4523,-0.167,0.7147
2020-01-01,loneliness,43,44.5889,-0.5792,-1.0098
2020-02-01,loneliness,55,44.6157,4.8208,5.5635
2020-03-01,loneliness,66,44.5785,0.7338,20.6877
2020-04-01,loneliness,65,44.5192,0.4454,20.0354
2020-05-01,loneliness,59,44.4508,0.6034,13.9457
2020-06-01,loneliness,51,44.3602,-3.2051,9.8448
2020-07-01,loneliness,47,44.2608,-4.4054,7.1445
2020-08-01,loneliness,44,44.1909,-2.1666,1.9758
2020-09-01,loneliness,46,44.1576,0.3716,1.4708
2020-10-01,loneliness,48,43.9869,3.0855,0.9276
2020-11-01,loneliness,43,43.4819,1.1036,-1.5855
2020-12-01,loneliness,42,42.7967,-0.8789,0.0823
2021-01-01,loneliness,41,42.1143,-0.9764,-0.1379
2021-02-01,loneliness,42,41.459,4.4411,-3.9001
2021-03-01,loneliness,41,40.8521,0.6662,-0.5183
2021-04-01,loneliness,40,40.358,-0.3447,-0.0133
2021-05-01,loneliness,40,40.052,1.3564,-1.4084
2021-06-01,loneliness,36,39.9197,-3.03,-0.8897
2021-07-01,loneliness,36,39.891,-3.6424,-0.2486
2021-08-01,loneliness,36,39.9633,-1.9933,-1.97
2021-09-01,loneliness,34,40.1425,0.8472,-6.9897
2021-10-01,loneliness,37,40.4073,3.2636,-6.6709
2021-11-01,loneliness,36,40.7088,1.29,-5.9988
2021-12-01,loneliness,37,40.9982,-1.4159,-2.5823
2022-01-01,loneliness,39,41.2587,-0.3087,-1.95
2022-02-01,loneliness,46,41.522,3.6201,0.8579
2022-03-01,loneliness,44,41.8208,0.3786,1.8005
2022-04-01,loneliness,47,42.1503,-1.4535,6.3032
2022-05-01,loneliness,47,42.4778,1.9784,2.5437
2022-06-01,loneliness,41,42.7661,-3.4716,1.7056
2022-07-01,loneliness,41,43.0083,-3.5129,1.5046
2022-08-01,loneliness,41,43.2247,-1.3312,-0.8935
2022-09-01,loneliness,42,43.4114,1.6336,-3.0451
2022-10-01,loneliness,47,43.5544,3.3,0.1456
2022-11-01,loneliness,45,43.6698,2.2152,-0.8851
2022-12-01,loneliness,43,43.8053,-1.239,0.4336
2023-01-01,loneliness,46,43.9689,1.1199,0.9112
2023-02-01,loneliness,47,44.1326,4.2905,-1.423
2023-03-01,loneliness,43,44.2774,0.3099,-1.5873
2023-04-01,loneliness,42,44.4209,-7.9139,5.493
2023-05-01,loneliness,48,44.5794,1.7174,1.7032
2023-06-01,loneliness,82,44.7553,-4.3956,41.6402
2023-07-01,loneliness,53,44.9324,-4.4029,12.4705
2023-08-01,loneliness,46,45.0969,-0.055,0.9581
2023-09-01,loneliness,49,45.2504,3.0949,0.6547
2023-10-01,loneliness,48,45.3901,3.6455,-1.0357
2023-11-01,loneliness,50,45.5047,4.432,0.0632
2023-12-01,loneliness,45,45.5743,1.511,-2.0853
2024-01-01,loneliness,48,45.6018,1.5853,0.8129
2024-02-01,loneliness,51,45.6276,4.9444,0.428
2024-03-01,loneliness,46,45.6783,-1.1577,1.4794
2024-04-01,loneliness,46,45.7513,-12.0604,12.3091
2024-05-01,loneliness,45,45.8344,0.9182,-1.7526
2024-06-01,loneliness,40,46.0599,-5.612,-0.4478
2024-07-01,loneliness,41,46.9864,-5.5574,-0.429
2024-08-01,loneliness,39,48.4251,1.1044,-10.5295
2024-09-01,loneliness,42,49.8573,4.6928,-12.5501
2024-10-01,loneliness,45,51.2234,3.9781,-10.2015
2024-11-01,loneliness,44,52.6222,6.708,-15.3302
2024-12-01,loneliness,42,54.0114,4.0454,-16.0569
2025-01-01,loneliness,43,55.4203,2.0389,-14.4593
2025-02-01,loneliness,45,56.8738,5.7004,-17.5742
2025-03-01,loneliness,43,58.2727,-2.5578,-12.7149
2025-04-01,loneliness,43,59.5512,-16.2518,-0.2995
2025-05-01,loneliness,42,61.1397,-0.2695,-18.8702
2025-06-01,loneliness,43,62.7615,-6.9672,-12.7943
2025-07-01,loneliness,45,64.3817,-6.8326,-12.5491
2025-08-01,loneliness,68,65.9966,2.2918,-0.2884
2025-09-01,loneliness,74,67.609,6.4385,-0.0475
2025-10-01,loneliness,74,69.2213,4.4026,0.3761
2025-11-01,loneliness,80,70.8346,9.0645,0.1008
2025-12-01,loneliness,80,72.4488,6.6996,0.8515
2026-01-01,loneliness,76,74.0634,2.4219,-0.4853
2026-02-01,loneliness,100,75.6773,6.5974,17.7253
2026-03-01,loneliness,73,77.2896,-3.9706,-0.319
2004-01-01,stress,55,59.9002,-5.226,0.3258
2004-02-01,stress,63,59.6544,4.0077,-0.6621
2004-03-01,stress,67,59.4055,7.7269,-0.1324
2004-04-01,stress,67,59.1532,8.4771,-0.6302
2004-05-01,stress,60,58.8973,0.9948,0.108
2004-06-01,stress,52,58.638,-6.9689,0.3309
2004-07-01,stress,48,58.3755,-10.592,0.2165
2004-08-01,stress,51,58.1102,-7.2436,0.1334
2004-09-01,stress,60,57.8423,1.4099,0.7478
2004-10-01,stress,62,57.5718,4.3036,0.1246
2004-11-01,stress,64,57.2971,6.46,0.2429
2004-12-01,stress,54,57.0095,-3.1241,0.1146
2005-01-01,stress,51,56.6342,-4.5881,-1.0461
2005-02-01,stress,61,56.2277,3.4361,1.3362
2005-03-01,stress,57,55.8018,6.6489,-5.4507
2005-04-01,stress,64,55.3741,7.3585,1.2674
2005-05-01,stress,56,54.9558,1.1874,-0.1433
2005-06-01,stress,52,54.5481,-6.1283,3.5802
2005-07-01,stress,45,54.1432,-9.4502,0.307
2005-08-01,stress,47,53.7316,-6.6387,-0.0929
2005-09-01,stress,53,53.298,1.5175,-1.8155
2005-10-01,stress,55,52.8332,4.4147,-2.2479
2005-11-01,stress,62,52.341,5.8835,3.7755
2005-12-01,stress,49,51.8367,-3.3438,0.5072
2006-01-01,stress,48,51.3412,-4.0358,0.6946
2006-02-01,stress,54,50.8574,2.872,0.2706
2006-03-01,stress,57,50.3818,5.5728,1.0454
2006-04-01,stress,48,49.9082,6.2074,-8.1156
2006-05-01,stress,51,49.4296,1.3597,0.2107
2006-06-01,stress,43,48.9321,-5.2506,-0.6816
2006-07-01,stress,39,48.409,-8.2591,-1.15
2006-08-01,stress,42,47.8773,-6.0258,0.1485
2006-09-01,stress,49,47.3658,1.6134,0.0208
2006-10-01,stress,52,46.8935,4.4217,0.6848
2006-11-01,stress,51,46.4623,5.3087,-0.771
2006-12-01,stress,41,46.0677,-3.5118,-1.5559
2007-01-01,stress,43,45.7151,-3.4663,0.7512
2007-02-01,stress,47,45.4077,2.2417,-0.6494
2007-03-01,stress,48,45.1367,4.5469,-1.6835
2007-04-01,stress,46,44.89,5.1143,-4.0043
2007-05-01,stress,46,44.6562,1.4899,-0.1461
2007-06-01,stress,40,44.4382,-4.36,-0.0782
2007-07-01,stress,37,44.2473,-7.0786,-0.1687
2007-08-01,stress,38,44.0862,-5.3662,-0.72
2007-09-01,stress,41,43.9537,1.7908,-4.7445
2007-10-01,stress,49,43.8513,4.4748,0.6739
2007-11-01,stress,49,43.79,4.7445,0.4655
2007-12-01,stress,40,43.7725,-3.6706,-0.1018
2008-01-01,stress,40,43.7766,-3.1568,-0.6198
2008-02-01,stress,44,43.7785,2.0021,-1.7806
2008-03-01,stress,47,43.7588,3.7238,-0.4826
2008-04-01,stress,47,43.7081,3.3845,-0.0925
2008-05-01,stress,49,43.6305,1.6421,3.7274
2008-06-01,stress,43,43.5325,-3.2718,2.7393
2008-07-01,stress,40,43.4305,-5.7635,2.333
2008-08-01,stress,39,43.3376,-5.0554,0.7179
2008-09-01,stress,46,43.2491,1.6341,1.1168
2008-10-01,stress,47,43.1469,3.5944,0.2587
2008-11-01,stress,44,43.0073,4.3717,-3.379
2008-12-01,stress,39,42.8062,-3.301,-0.5052
2009-01-01,stress,39,42.5399,-2.9216,-0.6183
2009-02-01,stress,45,42.2348,1.9264,0.8388
2009-03-01,stress,45,41.9372,3.5862,-0.5234
2009-04-01,stress,48,41.6734,2.6471,3.6795
2009-05-01,stress,48,41.4441,1.7733,4.7826
2009-06-01,stress,39,41.2463,-2.4341,0.1878
2009-07-01,stress,36,41.0744,-4.9531,-0.1213
2009-08-01,stress,39,40.9211,-4.9822,3.0611
2009-09-01,stress,40,40.7748,1.2772,-2.052
2009-10-01,stress,42,40.6276,2.6399,-1.2674
2009-11-01,stress,44,40.4904,3.9168,-0.4072
2009-12-01,stress,39,40.3814,-2.953,1.5717
2010-01-01,stress,38,40.3064,-2.4595,0.1531
2010-02-01,stress,42,40.2548,2.1204,-0.3752
2010-03-01,stress,45,40.2198,3.6014,1.1788
2010-04-01,stress,42,40.2041,2.1366,-0.3407
2010-05-01,stress,42,40.2074,2.112,-0.3194
2010-06-01,stress,38,40.2189,-2.0022,-0.2167
2010-07-01,stress,39,40.2277,-4.5752,3.3475
2010-08-01,stress,35,40.2336,-4.8748,-0.3588
2010-09-01,stress,41,40.2437,0.6528,0.1035
2010-10-01,stress,42,40.2636,2.193,-0.4566
2010-11-01,stress,44,40.2898,3.5208,0.1895
2010-12-01,stress,37,40.3125,-2.6964,-0.6161
2011-01-01,stress,39,40.3249,-1.8809,0.5561
2011-02-01,stress,43,40.3252,2.01,0.6648
2011-03-01,stress,44,40.3129,3.5631,0.124
2011-04-01,stress,42,40.2891,2.1015,-0.3906
2011-05-01,stress,43,40.2545,1.6991,1.0464
2011-06-01,stress,39,40.2077,-2.1351,0.9274
2011-07-01,stress,36,40.1446,-4.4222,0.2775
2011-08-01,stress,35,40.063,-4.67,-0.393
2011-09-01,stress,40,39.9656,0.6433,-0.6089
2011-10-01,stress,42,39.8601,2.5646,-0.4247
2011-11-01,stress,43,39.7576,3.4059,-0.1636
2011-12-01,stress,38,39.672,-2.9827,1.3107
2012-01-01,stress,38,39.61,-1.7143,0.1042
2012-02-01,stress,41,39.5702,1.8197,-0.3899
2012-03-01,stress,42,39.544,3.3101,-0.8541
2012-04-01,stress,42,39.5255,2.7731,-0.2986
2012-05-01,stress,40,39.5085,1.3091,-0.8177
2012-06-01,stress,37,39.4921,-2.4906,-0.0015
2012-07-01,stress,35,39.4817,-4.3873,-0.0945
2012-08-01,stress,37,39.4789,-4.4422,1.9634
2012-09-01,stress,41,39.4827,0.8082,0.7091
2012-10-01,stress,43,39.4936,3.3278,0.1786
2012-11-01,stress,43,39.506,3.1024,0.3915
2012-12-01,stress,35,39.5095,-3.0612,-1.4483
2013-01-01,stress,35,39.4987,-1.83,-2.6687
2013-02-01,stress,41,39.4729,1.5977,-0.0706
2013-03-01,stress,43,39.4369,3.1614,0.4017
2013-04-01,stress,44,39.4018,3.2161,1.382
2013-05-01,stress,40,39.3753,1.0565,-0.4318
2013-06-01,stress,36,39.3572,-2.8639,-0.4932
2013-07-01,stress,38,39.3495,-4.6825,3.333
2013-08-01,stress,35,39.3505,-4.295,-0.0555
2013-09-01,stress,40,39.3532,1.003,-0.3562
2013-10-01,stress,46,39.3539,3.989,2.6572
2013-11-01,stress,42,39.3524,2.8642,-0.2165
2013-12-01,stress,36,39.3568,-2.9542,-0.4027
2014-01-01,stress,38,39.3766,-2.196,0.8194
2014-02-01,stress,41,39.4147,1.5894,-0.0041
2014-03-01,stress,42,39.4651,3.3725,-0.8376
2014-04-01,stress,43,39.5157,3.4934,-0.0091
2014-05-01,stress,41,39.5609,1.0417,0.3974
2014-06-01,stress,36,39.6039,-2.9413,-0.6625
2014-07-01,stress,35,39.6447,-4.984,0.3392
2014-08-01,stress,35,39.6848,-4.5982,-0.0866
2014-09-01,stress,41,39.7279,1.1016,0.1705
2014-10-01,stress,44,39.7711,3.7876,0.4413
2014-11-01,stress,40,39.8128,2.9487,-2.7615
2014-12-01,stress,38,39.8497,-2.5857,0.736
2015-01-01,stress,37,39.8766,-2.3766,-0.5
2015-02-01,stress,41,39.8911,1.8555,-0.7466
2015-03-01,stress,45,39.8971,3.5058,1.5971
2015-04-01,stress,43,39.8984,3.4376,-0.336
2015-05-01,stress,41,39.9018,1.1044,-0.0062
2015-06-01,stress,38,39.9104,-2.9815,1.0712
2015-07-01,stress,34,39.9293,-5.2452,-0.6841
2015-08-01,stress,39,39.9636,-4.8858,3.9222
2015-09-01,stress,41,40.0149,1.2746,-0.2895
2015-10-01,stress,40,40.0795,3.3079,-3.3874
2015-11-01,stress,43,40.1522,3.2343,-0.3865
2015-12-01,stress,38,40.2268,-2.1521,-0.0747
2016-01-01,stress,37,40.3044,-2.3084,-0.996
2016-02-01,stress,44,40.3958,1.9541,1.6501
2016-03-01,stress,43,40.5073,3.8267,-1.334
2016-04-01,stress,44,40.6442,3.2063,0.1495
2016-05-01,stress,42,40.8018,0.9755,0.2227
2016-06-01,stress,38,40.9715,-3.1452,0.1737
2016-07-01,stress,36,41.1503,-5.5257,0.3753
2016-08-01,stress,36,41.3322,-5.0141,-0.3181
2016-09-01,stress,43,41.5079,1.5683,-0.0762
2016-10-01,stress,43,41.6715,2.8191,-1.4906
2016-11-01,stress,46,41.8215,3.7354,0.4431
2016-12-01,stress,40,41.9616,-1.9225,-0.0392
2017-01-01,stress,41,42.0992,-2.1549,1.0557
2017-02-01,stress,44,42.2374,2.1329,-0.3703
2017-03-01,stress,47,42.3766,3.9444,0.6789
2017-04-01,stress,46,42.5116,2.7997,0.6886
2017-05-01,stress,43,42.6342,0.7821,-0.4163
2017-06-01,stress,39,42.7363,-3.4425,-0.2939
2017-07-01,stress,37,42.8142,-5.5367,-0.2775
2017-08-01,stress,38,42.8713,-4.883,0.0117
2017-09-01,stress,45,42.9093,1.8443,0.2464
2017-10-01,stress,46,42.9311,2.5949,0.474
2017-11-01,stress,48,42.9386,3.7832,1.2782
2017-12-01,stress,41,42.9371,-1.9022,-0.0349
2018-01-01,stress,41,42.9295,-1.6759,-0.2536
2018-02-01,stress,45,42.9203,2.0358,0.0439
2018-03-01,stress,47,42.9109,4.0334,0.0557
2018-04-01,stress,45,42.8969,2.009,0.094
2018-05-01,stress,44,42.8799,0.3817,0.7384
2018-06-01,stress,38,42.8637,-3.3921,-1.4716
2018-07-01,stress,37,42.8489,-5.2389,-0.6099
2018-08-01,stress,38,42.8375,-4.396,-0.4416
2018-09-01,stress,45,42.8363,1.9551,0.2086
2018-10-01,stress,46,42.8509,3.0781,0.071
2018-11-01,stress,46,42.8881,3.2784,-0.1665
2018-12-01,stress,42,42.9555,-2.276,1.3205
2019-01-01,stress,41,43.058,-1.2999,-0.758
2019-02-01,stress,45,43.1897,1.9516,-0.1412
2019-03-01,stress,47,43.3379,3.7755,-0.1134
2019-04-01,stress,44,43.4934,1.7035,-1.1969
2019-05-01,stress,43,43.6496,0.4583,-1.1079
2019-06-01,stress,41,43.8125,-2.9407,0.1282
2019-07-01,stress,39,43.993,-4.5814,-0.4116
2019-08-01,stress,41,44.1964,-4.2296,1.0332
2019-09-01,stress,46,44.4042,1.3205,0.2753
2019-10-01,stress,48,44.5845,2.909,0.5065
2019-11-01,stress,47,44.7254,2.1671,0.1075
2019-12-01,stress,41,44.8491,-2.7824,-1.0667
2020-01-01,stress,45,44.9624,-1.1851,1.2227
2020-02-01,stress,45,45.0578,3.6751,-3.7328
2020-03-01,stress,43,45.1297,3.3413,-5.471
2020-04-01,stress,43,45.1802,1.7275,-3.9077
2020-05-01,stress,42,45.2167,0.7129,-3.9296
2020-06-01,stress,43,45.2429,-2.0194,-0.2234
2020-07-01,stress,42,45.2705,-4.1548,0.8843
2020-08-01,stress,41,45.2974,-4.2228,-0.0746
2020-09-01,stress,51,45.3037,0.5408,5.1555
2020-10-01,stress,48,45.2762,2.1414,0.5823
2020-11-01,stress,46,45.2371,1.1691,-0.4062
2020-12-01,stress,42,45.2024,-3.2073,0.0049
2021-01-01,stress,44,45.16,-0.9524,-0.2076
2021-02-01,stress,44,45.1025,4.6891,-5.7916
2021-03-01,stress,48,45.0315,3.6349,-0.6664
2021-04-01,stress,47,44.9553,1.9073,0.1374
2021-05-01,stress,46,44.8855,1.045,0.0695
2021-06-01,stress,44,44.8305,-1.7553,0.9247
2021-07-01,stress,42,44.7973,-4.4165,1.6192
2021-08-01,stress,40,44.7959,-4.4583,-0.3376
2021-09-01,stress,44,44.8354,-0.0827,-0.7527
2021-10-01,stress,45,44.922,1.6331,-1.5551
2021-11-01,stress,45,45.0468,0.5597,-0.6065
2021-12-01,stress,41,45.1775,-3.0142,-1.1634
2022-01-01,stress,44,45.2879,-0.9006,-0.3873
2022-02-01,stress,52,45.3842,6.7998,-0.184
2022-03-01,stress,57,45.4895,4.0238,7.4867
2022-04-01,stress,50,45.6185,1.9757,2.4058
2022-05-01,stress,49,45.7779,1.1662,2.0559
2022-06-01,stress,46,45.9602,-2.3042,2.3439
2022-07-01,stress,41,46.143,-5.1784,0.0354
2022-08-01,stress,42,46.3062,-4.5232,0.217
2022-09-01,stress,46,46.4337,-0.0692,-0.3645
2022-10-01,stress,47,46.5085,1.6747,-1.1832
2022-11-01,stress,47,46.5226,0.5971,-0.1197
2022-12-01,stress,45,46.4905,-2.3621,0.8716
2023-01-01,stress,46,46.4403,-0.5601,0.1197
2023-02-01,stress,52,46.3891,4.8361,0.7748
2023-03-01,stress,52,46.3394,4.7105,0.9501
2023-04-01,stress,47,46.293,1.9223,-1.2153
2023-05-01,stress,47,46.2514,0.3153,0.4333
2023-06-01,stress,43,46.2097,-3.6269,0.4172
2023-07-01,stress,39,46.171,-6.7153,-0.4557
2023-08-01,stress,41,46.1394,-2.6552,-2.4841
2023-09-01,stress,47,46.1247,1.2957,-0.4204
2023-10-01,stress,49,46.143,2.4974,0.3596
2023-11-01,stress,47,46.1978,1.72,-0.9178
2023-12-01,stress,44,46.2889,-1.2076,-1.0814
2024-01-01,stress,46,46.4187,0.0076,-0.4263
2024-02-01,stress,49,46.591,1.9635,0.4455
2024-03-01,stress,50,46.8147,5.5664,-2.381
2024-04-01,stress,49,47.1083,1.6894,0.2023
2024-05-01,stress,46,47.5164,-0.7594,-0.757
2024-06-01,stress,42,48.0336,-5.1506,-0.883
2024-07-01,stress,41,48.6142,-8.4228,0.8086
2024-08-01,stress,42,49.2181,-1.3361,-5.882
2024-09-01,stress,47,49.8481,2.7314,-5.5795
2024-10-01,stress,48,50.5619,3.428,-5.9898
2024-11-01,stress,49,51.3591,2.836,-5.1951
2024-12-01,stress,47,52.1757,-0.0474,-5.1283
2025-01-01,stress,46,52.9826,0.629,-7.6117
2025-02-01,stress,52,53.748,-0.9547,-0.7933
2025-03-01,stress,50,54.434,6.3482,-10.7822
2025-04-01,stress,49,55.0422,1.5419,-7.5841
2025-05-01,stress,46,55.9273,-1.9432,-7.9842
2025-06-01,stress,45,56.8559,-6.8271,-5.0288
2025-07-01,stress,47,57.8124,-10.0959,-0.7166
2025-08-01,stress,59,58.785,0.0534,0.1616
2025-09-01,stress,64,59.7681,4.2298,0.0021
2025-10-01,stress,65,60.7587,4.4357,-0.1944
2025-11-01,stress,66,61.7552,4.0254,0.2194
2025-12-01,stress,64,62.7564,1.1493,0.0943
2026-01-01,stress,65,63.7615,1.2788,-0.0403
2026-02-01,stress,100,64.7698,-3.9936,39.2238
2026-03-01,stress,73,65.7806,7.1519,0.0675
