date,anxiety,depression,insomnia,loneliness,stress
2004-01-01,-1.116744107729084,2.52722583146613,-0.7122733400271096,0.7124942859663607,1.310213860629129
2004-02-01,-0.9964654966908971,3.408701072486975,-0.9711349304816083,1.6648646206498063,2.3635133737280447
2004-03-01,-0.8160475801336167,3.8494386929973974,-0.884847733663442,1.9029572043206677,2.8901631302775024
2004-04-01,-0.9964654966908971,3.584996120691144,-1.0574221272997744,1.783910912485237,2.8901631302775024
2004-05-01,-0.9964654966908971,2.7916684037723836,-1.316283717754273,1.5458183288143756,1.9685260563159512
2004-06-01,-1.0566048022099905,1.2931604940369472,-1.747719701845104,-0.12082975688165429,0.9152265432170357
2004-07-01,-0.8761868856527102,0.9405703976286092,-1.4025709145724392,-0.0017834650462235798,0.38857678666757783
2004-08-01,-0.8761868856527102,1.1168654458327782,-1.4888581113906054,-0.12082975688165429,0.7835641040796711
2004-09-01,-0.7559082746145233,2.174635735057792,-1.5751453082087716,0.4744017022954993,1.9685260563159512
2004-10-01,-0.8761868856527102,2.6153733555682144,-1.316283717754273,0.59344799413093,2.23185093459068
2004-11-01,-0.8160475801336167,2.7916684037723836,-1.4888581113906054,1.426772036978945,2.495175812865409
2004-12-01,-1.0566048022099905,1.998340686853623,-1.2299965209361068,0.59344799413093,1.1785514214917645
2005-01-01,-0.8761868856527102,1.9101931627515385,-0.5396989463907773,0.23630911862463785,0.7835641040796711
2005-02-01,-0.8160475801336167,2.7916684037723836,-0.7985605368452758,0.11726282678920713,2.100188495453316
2005-03-01,-0.8761868856527102,2.9679634519765523,-1.0574221272997744,0.7124942859663607,1.573538738903858
2005-04-01,-0.7559082746145233,3.408701072486975,-0.7985605368452758,0.9505868696372222,2.495175812865409
2005-05-01,-0.9363261911718036,2.7916684037723836,-1.316283717754273,0.11726282678920713,1.4418762997664933
2005-06-01,-0.9964654966908971,0.8524228735265247,-1.1437093241179406,-0.3589223405525157,0.9152265432170357
2005-07-01,-0.9964654966908971,0.6761278253223557,-0.9711349304816083,-0.8351075078942386,-0.006410530744515508
2005-08-01,-0.8761868856527102,0.41168525301610226,-0.7985605368452758,-0.7160612160588079,0.2569143475302134
2005-09-01,-0.8160475801336167,1.1168654458327782,-1.0574221272997744,-0.3589223405525157,1.0468889823544
2005-10-01,-0.8761868856527102,2.7916684037723836,-0.884847733663442,0.4744017022954993,1.310213860629129
2005-11-01,-0.8761868856527102,2.52722583146613,-1.2299965209361068,0.59344799413093,2.23185093459068
2005-12-01,-1.116744107729084,1.6457505904452852,-1.316283717754273,1.6648646206498063,0.5202392258049423
2006-01-01,-0.8160475801336167,2.174635735057792,-1.0574221272997744,0.8315405778017914,0.38857678666757783
2006-02-01,-0.8761868856527102,1.998340686853623,-0.9711349304816083,1.0696331614726529,1.1785514214917645
2006-03-01,-0.9363261911718036,2.52722583146613,-1.0574221272997744,1.3077257451435143,1.573538738903858
2006-04-01,-0.9363261911718036,2.2627832591598764,-1.2299965209361068,0.8315405778017914,0.38857678666757783
2006-05-01,-0.9964654966908971,1.7338981145473695,-1.5751453082087716,1.0696331614726529,0.7835641040796711
2006-06-01,-1.1768834132481776,0.14724268070984878,-1.8340068986632703,0.23630911862463785,-0.2697354090192444
2006-07-01,-1.116744107729084,-0.2053474156984892,-1.6614325050269378,-0.12082975688165429,-0.7963851655687022
2006-08-01,-1.116744107729084,-0.02905236749432021,-1.747719701845104,-0.3589223405525157,-0.40139784815660884
2006-09-01,-0.9363261911718036,0.6761278253223557,-1.6614325050269378,-0.12082975688165429,0.5202392258049423
2006-10-01,-0.9964654966908971,1.2931604940369472,-1.2299965209361068,0.11726282678920713,0.9152265432170357
2006-11-01,-1.116744107729084,0.9405703976286092,-1.5751453082087716,-0.3589223405525157,0.7835641040796711
2006-12-01,-1.2370227187672709,0.05909515660776428,-1.5751453082087716,-0.239876048717085,-0.5330602872939733
2007-01-01,-0.9964654966908971,0.6761278253223557,-1.316283717754273,-0.8351075078942386,-0.2697354090192444
2007-02-01,-1.116744107729084,0.8524228735265247,-1.4888581113906054,-0.7160612160588079,0.2569143475302134
2007-03-01,-1.116744107729084,0.8524228735265247,-1.6614325050269378,-0.5970149242233771,0.38857678666757783
2007-04-01,-1.116744107729084,0.49983277711818674,-1.8340068986632703,-0.7160612160588079,0.12525190839284894
2007-05-01,-1.2370227187672709,0.41168525301610226,-2.0928684891177687,-0.8351075078942386,0.12525190839284894
2007-06-01,-1.2370227187672709,-0.5579375121068272,-2.0928684891177687,-1.1922463834005308,-0.6647227264313378
2007-07-01,-1.357301329805458,-0.5579375121068272,-1.4888581113906054,-1.1922463834005308,-1.059710043843431
2007-08-01,-1.2971620242863644,-0.8223800844130806,-1.4888581113906054,-1.1922463834005308,-0.9280476047060666
2007-09-01,-0.9964654966908971,-0.02905236749432021,-1.5751453082087716,-1.0732000915651,-0.5330602872939733
2007-10-01,-1.0566048022099905,0.23539020481193326,-0.6259861432089435,-0.8351075078942386,0.5202392258049423
2007-11-01,-1.1768834132481776,0.9405703976286092,-1.4025709145724392,-0.5970149242233771,0.5202392258049423
2007-12-01,-1.357301329805458,-0.38164246390265816,-1.6614325050269378,-0.8351075078942386,-0.6647227264313378
2008-01-01,-1.116744107729084,0.23539020481193326,-0.7985605368452758,-1.3112926752359615,-0.6647227264313378
2008-02-01,-1.0566048022099905,0.3235377289140177,-1.316283717754273,-0.9541537997296693,-0.13807296988187995
2008-03-01,-1.116744107729084,0.3235377289140177,-1.316283717754273,-0.9541537997296693,0.2569143475302134
2008-04-01,-1.1768834132481776,0.41168525301610226,-1.5751453082087716,-1.3112926752359615,0.2569143475302134
2008-05-01,-1.2971620242863644,-0.02905236749432021,-1.8340068986632703,-1.3112926752359615,0.5202392258049423
2008-06-01,-1.2971620242863644,-0.9105276085151651,-2.0065812922996025,-1.5493852589068229,-0.2697354090192444
2008-07-01,-1.2971620242863644,-0.9986751326172496,-1.5751453082087716,-1.906524134413115,-0.6647227264313378
2008-08-01,-1.2370227187672709,-1.086822656719334,-1.747719701845104,-1.6684315507422536,-0.7963851655687022
2008-09-01,-1.2370227187672709,0.41168525301610226,-1.747719701845104,-1.3112926752359615,0.12525190839284894
2008-10-01,-1.1768834132481776,1.4694555422411162,-1.316283717754273,-1.1922463834005308,0.2569143475302134
2008-11-01,-1.2370227187672709,0.41168525301610226,-0.5396989463907773,-0.9541537997296693,-0.13807296988187995
2008-12-01,-1.2971620242863644,0.05909515660776428,-0.4534117495726111,-1.0732000915651,-0.7963851655687022
2009-01-01,-1.2370227187672709,0.05909515660776428,0.32317302179088464,-1.0732000915651,-0.7963851655687022
2009-02-01,-1.2971620242863644,0.9405703976286092,-0.02197576548178013,-1.0732000915651,-0.006410530744515508
2009-03-01,-1.1768834132481776,0.5879803012202712,-0.10826296229994632,-1.3112926752359615,-0.006410530744515508
2009-04-01,-1.2370227187672709,0.3235377289140177,-0.19455015911811252,-0.9541537997296693,0.38857678666757783
2009-05-01,-1.1768834132481776,-0.2053474156984892,-0.19455015911811252,-0.8351075078942386,0.38857678666757783
2009-06-01,-1.2971620242863644,-1.086822656719334,-0.5396989463907773,-1.0732000915651,-0.7963851655687022
2009-07-01,-1.1768834132481776,-1.086822656719334,-0.19455015911811252,-1.0732000915651,-1.1913724829807955
2009-08-01,-1.116744107729084,-0.9986751326172496,-0.10826296229994632,-0.7160612160588079,-0.7963851655687022
2009-09-01,-1.116744107729084,-0.7342325603109962,-0.3671245527544449,-0.4779686323879464,-0.6647227264313378
2009-10-01,-1.0566048022099905,-0.2934949398005737,-0.3671245527544449,-0.0017834650462235798,-0.40139784815660884
2009-11-01,-1.116744107729084,0.3235377289140177,-0.19455015911811252,-0.4779686323879464,-0.13807296988187995
2009-12-01,-1.2370227187672709,-0.6460850362089117,-0.10826296229994632,-0.4779686323879464,-0.7963851655687022
2010-01-01,-1.0566048022099905,0.05909515660776428,0.927183399518048,-0.7160612160588079,-0.9280476047060666
2010-02-01,-1.0566048022099905,0.05909515660776428,0.06431143133638606,-0.239876048717085,-0.40139784815660884
2010-03-01,-0.9964654966908971,-0.1171998915964047,0.06431143133638606,0.7124942859663607,-0.006410530744515508
2010-04-01,-1.0566048022099905,-0.02905236749432021,-0.19455015911811252,-0.0017834650462235798,-0.40139784815660884
2010-05-01,-1.116744107729084,-0.2934949398005737,-0.4534117495726111,0.23630911862463785,-0.40139784815660884
2010-06-01,-1.1768834132481776,-0.9986751326172496,-0.7122733400271096,-0.5970149242233771,-0.9280476047060666
2010-07-01,-1.0566048022099905,-0.9986751326172496,0.06431143133638606,-0.4779686323879464,-0.7963851655687022
2010-08-01,-1.0566048022099905,-1.086822656719334,0.15059862815455224,-0.4779686323879464,-1.32303492211816
2010-09-01,-0.9964654966908971,-0.7342325603109962,-0.3671245527544449,-0.3589223405525157,-0.5330602872939733
2010-10-01,-0.9964654966908971,-0.46978998800474264,-0.3671245527544449,0.23630911862463785,-0.40139784815660884
2010-11-01,-0.9964654966908971,-0.38164246390265816,-0.19455015911811252,0.11726282678920713,-0.13807296988187995
2010-12-01,-1.1768834132481776,-0.9105276085151651,-0.28083735593627873,-0.239876048717085,-1.059710043843431
2011-01-01,-0.9964654966908971,-0.2053474156984892,0.495747415427217,-0.3589223405525157,-0.7963851655687022
2011-02-01,-0.9363261911718036,-0.2934949398005737,-0.02197576548178013,0.7124942859663607,-0.2697354090192444
2011-03-01,-0.8761868856527102,-0.2053474156984892,-0.3671245527544449,0.11726282678920713,-0.13807296988187995
2011-04-01,-0.9964654966908971,-0.02905236749432021,-0.19455015911811252,0.4744017022954993,-0.40139784815660884
2011-05-01,-0.9363261911718036,-0.46978998800474264,-0.6259861432089435,0.11726282678920713,-0.2697354090192444
2011-06-01,-1.0566048022099905,-1.086822656719334,-0.4534117495726111,-0.12082975688165429,-0.7963851655687022
2011-07-01,-0.9363261911718036,-1.263117704923503,-0.19455015911811252,-0.4779686323879464,-1.1913724829807955
2011-08-01,-0.8761868856527102,-0.9986751326172496,-0.19455015911811252,0.11726282678920713,-1.32303492211816
2011-09-01,-0.8761868856527102,-0.9105276085151651,-0.5396989463907773,0.11726282678920713,-0.6647227264313378
2011-10-01,-0.8761868856527102,-0.38164246390265816,-0.4534117495726111,0.23630911862463785,-0.40139784815660884
2011-11-01,-0.8160475801336167,-0.38164246390265816,-0.10826296229994632,0.23630911862463785,-0.2697354090192444
2011-12-01,-1.0566048022099905,-0.9986751326172496,-0.3671245527544449,-0.12082975688165429,-0.9280476047060666
2012-01-01,-0.6957689690954297,-0.1171998915964047,-0.02197576548178013,-0.0017834650462235798,-0.9280476047060666
2012-02-01,-0.6356296635763363,-0.2053474156984892,-0.5396989463907773,-0.4779686323879464,-0.5330602872939733
2012-03-01,-0.6957689690954297,-0.38164246390265816,-0.5396989463907773,-0.239876048717085,-0.40139784815660884
2012-04-01,-0.6957689690954297,-0.2053474156984892,-0.5396989463907773,-0.12082975688165429,-0.40139784815660884
2012-05-01,-0.8160475801336167,-0.46978998800474264,-0.7985605368452758,-0.0017834650462235798,-0.6647227264313378
2012-06-01,-0.8160475801336167,-1.439412753127672,-0.7122733400271096,-0.3589223405525157,-1.059710043843431
2012-07-01,-0.7559082746145233,-0.9986751326172496,-0.19455015911811252,-0.4779686323879464,-1.32303492211816
2012-08-01,-0.6957689690954297,-1.086822656719334,-0.3671245527544449,-0.3589223405525157,-1.059710043843431
2012-09-01,-0.39507244149996246,-0.7342325603109962,-0.19455015911811252,-0.12082975688165429,-0.5330602872939733
2012-10-01,-0.4552117470190559,-0.38164246390265816,-0.4534117495726111,-0.12082975688165429,-0.2697354090192444
2012-11-01,-0.6356296635763363,-0.38164246390265816,-0.28083735593627873,-0.0017834650462235798,-0.2697354090192444
2012-12-01,-0.6957689690954297,-0.9105276085151651,-0.5396989463907773,-0.239876048717085,-1.32303492211816
2013-01-01,-0.5754903580572429,-0.38164246390265816,0.23688582497271846,-0.239876048717085,-1.32303492211816
2013-02-01,-0.5153510525381494,-0.38164246390265816,-0.5396989463907773,-0.3589223405525157,-0.5330602872939733
2013-03-01,-0.4552117470190559,-0.38164246390265816,-0.3671245527544449,-0.3589223405525157,-0.2697354090192444
2013-04-01,-0.4552117470190559,-0.2053474156984892,-0.28083735593627873,-0.12082975688165429,-0.13807296988187995
2013-05-01,-0.5153510525381494,-0.5579375121068272,-0.7985605368452758,0.23630911862463785,-0.6647227264313378
2013-06-01,-0.6356296635763363,-1.086822656719334,-0.7122733400271096,-0.3589223405525157,-1.1913724829807955
2013-07-01,-0.5754903580572429,-1.086822656719334,-0.28083735593627873,-0.5970149242233771,-0.9280476047060666
2013-08-01,-0.5153510525381494,-1.263117704923503,-0.19455015911811252,-0.5970149242233771,-1.32303492211816
2013-09-01,-0.4552117470190559,-0.9986751326172496,-0.28083735593627873,-0.239876048717085,-0.6647227264313378
2013-10-01,-0.4552117470190559,-0.5579375121068272,-0.3671245527544449,-0.239876048717085,0.12525190839284894
2013-11-01,-0.5153510525381494,-0.46978998800474264,-0.6259861432089435,-0.0017834650462235798,-0.40139784815660884
2013-12-01,-0.6356296635763363,-0.8223800844130806,-0.5396989463907773,-0.12082975688165429,-1.1913724829807955
2014-01-01,-0.2747938304617756,-0.46978998800474264,0.06431143133638606,-0.0017834650462235798,-0.9280476047060666
2014-02-01,-0.39507244149996246,-0.1171998915964047,-0.10826296229994632,-0.12082975688165429,-0.5330602872939733
2014-03-01,-0.33493313598086905,-0.1171998915964047,-0.3671245527544449,0.23630911862463785,-0.40139784815660884
2014-04-01,-0.2747938304617756,-0.1171998915964047,-0.19455015911811252,0.59344799413093,-0.2697354090192444
2014-05-01,-0.39507244149996246,-0.2053474156984892,-0.6259861432089435,0.11726282678920713,-0.5330602872939733
2014-06-01,-0.5153510525381494,-1.263117704923503,-0.7122733400271096,-0.4779686323879464,-1.1913724829807955
2014-07-01,-0.39507244149996246,-1.263117704923503,-0.5396989463907773,-0.3589223405525157,-1.32303492211816
2014-08-01,-0.39507244149996246,0.14724268070984878,0.5820346122453832,-0.239876048717085,-1.32303492211816
2014-09-01,-0.33493313598086905,-0.2934949398005737,0.32317302179088464,-0.3589223405525157,-0.5330602872939733
2014-10-01,-0.21465452494268208,-0.2934949398005737,-0.19455015911811252,0.23630911862463785,-0.13807296988187995
2014-11-01,-0.39507244149996246,-0.2053474156984892,-0.4534117495726111,0.23630911862463785,-0.6647227264313378
2014-12-01,-0.39507244149996246,-0.5579375121068272,-0.4534117495726111,0.11726282678920713,-0.9280476047060666
2015-01-01,-0.2747938304617756,-0.1171998915964047,0.23688582497271846,-0.4779686323879464,-1.059710043843431
2015-02-01,-0.21465452494268208,-0.1171998915964047,-0.19455015911811252,-0.0017834650462235798,-0.5330602872939733
2015-03-01,-0.03423660838540171,0.6761278253223557,-0.10826296229994632,0.11726282678920713,-0.006410530744515508
2015-04-01,-0.2747938304617756,0.05909515660776428,-0.19455015911811252,-0.0017834650462235798,-0.2697354090192444
2015-05-01,-0.15451521942358865,-0.2934949398005737,-0.4534117495726111,0.23630911862463785,-0.5330602872939733
2015-06-01,-0.39507244149996246,-0.8223800844130806,-0.3671245527544449,-0.12082975688165429,-0.9280476047060666
2015-07-01,-0.21465452494268208,-0.9986751326172496,-0.10826296229994632,-0.3589223405525157,-1.4546973612555245
2015-08-01,0.02590269713369175,-0.8223800844130806,-0.02197576548178013,-0.4779686323879464,-0.7963851655687022
2015-09-01,0.08604200265278521,-0.38164246390265816,0.15059862815455224,0.11726282678920713,-0.5330602872939733
2015-10-01,0.14618130817187866,0.05909515660776428,0.06431143133638606,0.23630911862463785,-0.6647227264313378
2015-11-01,0.02590269713369175,0.05909515660776428,-0.10826296229994632,0.3553554104600686,-0.2697354090192444
2015-12-01,-0.09437591390449518,-0.2053474156984892,-0.19455015911811252,-0.0017834650462235798,-0.9280476047060666
2016-01-01,0.02590269713369175,-0.2053474156984892,0.06431143133638606,0.11726282678920713,-1.059710043843431
2016-02-01,0.2664599192100656,0.14724268070984878,-0.3671245527544449,-0.12082975688165429,-0.13807296988187995
2016-03-01,0.2664599192100656,0.23539020481193326,-0.10826296229994632,-0.239876048717085,-0.2697354090192444
2016-04-01,0.3867385302482525,0.3235377289140177,-0.10826296229994632,-0.0017834650462235798,-0.13807296988187995
2016-05-01,0.20632061369097213,0.05909515660776428,-0.10826296229994632,-0.239876048717085,-0.40139784815660884
2016-06-01,-0.09437591390449518,-0.9105276085151651,-0.3671245527544449,-0.4779686323879464,-0.9280476047060666
2016-07-01,0.02590269713369175,-1.086822656719334,-0.19455015911811252,-0.8351075078942386,-1.1913724829807955
2016-08-01,0.14618130817187866,-0.8223800844130806,-0.10826296229994632,-0.8351075078942386,-1.1913724829807955
2016-09-01,0.44687783576734597,-0.2053474156984892,0.15059862815455224,-0.12082975688165429,-0.2697354090192444
2016-10-01,0.3867385302482525,0.05909515660776428,-0.02197576548178013,-0.12082975688165429,-0.2697354090192444
2016-11-01,0.32659922472915903,0.05909515660776428,-0.19455015911811252,-0.239876048717085,0.12525190839284894
2016-12-01,0.20632061369097213,-0.2053474156984892,0.15059862815455224,-0.239876048717085,-0.6647227264313378
2017-01-01,0.7475743633628132,-0.1171998915964047,0.5820346122453832,-0.3589223405525157,-0.5330602872939733
2017-02-01,0.44687783576734597,0.3235377289140177,0.5820346122453832,-0.12082975688165429,-0.13807296988187995
2017-03-01,0.6874350578437198,0.49983277711818674,0.495747415427217,-0.239876048717085,0.2569143475302134
2017-04-01,0.6272957523246263,0.41168525301610226,0.40946021860905085,-0.0017834650462235798,0.12525190839284894
2017-05-01,0.44687783576734597,0.05909515660776428,-0.19455015911811252,-0.239876048717085,-0.2697354090192444
2017-06-01,0.2664599192100656,-0.6460850362089117,-0.19455015911811252,-0.5970149242233771,-0.7963851655687022
2017-07-01,0.3867385302482525,-0.7342325603109962,0.40946021860905085,-0.7160612160588079,-1.059710043843431
2017-08-01,0.5070171412864395,-0.1171998915964047,0.23688582497271846,-0.5970149242233771,-0.9280476047060666
2017-09-01,0.5671564468055329,-0.2053474156984892,0.32317302179088464,-0.3589223405525157,-0.006410530744515508
2017-10-01,0.9279922799200937,0.41168525301610226,0.06431143133638606,-0.0017834650462235798,0.12525190839284894
2017-11-01,0.7475743633628132,0.6761278253223557,0.15059862815455224,0.23630911862463785,0.38857678666757783
2017-12-01,0.44687783576734597,-0.02905236749432021,-0.10826296229994632,-0.239876048717085,-0.5330602872939733
2018-01-01,0.6874350578437198,0.41168525301610226,0.5820346122453832,0.3553554104600686,-0.5330602872939733
2018-02-01,0.8077136688819068,0.49983277711818674,0.06431143133638606,0.59344799413093,-0.006410530744515508
2018-03-01,0.8077136688819068,0.7642753494244402,0.495747415427217,0.11726282678920713,0.2569143475302134
2018-04-01,0.6272957523246263,0.49983277711818674,0.23688582497271846,-0.0017834650462235798,-0.006410530744515508
2018-05-01,0.5671564468055329,0.05909515660776428,-0.4534117495726111,0.11726282678920713,-0.13807296988187995
2018-06-01,0.5671564468055329,0.05909515660776428,0.06431143133638606,-0.3589223405525157,-0.9280476047060666
2018-07-01,0.6874350578437198,-0.46978998800474264,0.23688582497271846,-0.4779686323879464,-1.059710043843431
2018-08-01,0.9279922799200937,-0.38164246390265816,0.40946021860905085,-0.12082975688165429,-0.9280476047060666
2018-09-01,1.2286888075155609,-0.1171998915964047,0.40946021860905085,-0.0017834650462235798,-0.006410530744515508
2018-10-01,0.9279922799200937,0.49983277711818674,0.32317302179088464,0.11726282678920713,0.12525190839284894
2018-11-01,0.9279922799200937,0.6761278253223557,0.40946021860905085,0.23630911862463785,0.12525190839284894
2018-12-01,0.7475743633628132,0.05909515660776428,0.15059862815455224,0.11726282678920713,-0.40139784815660884
2019-01-01,0.9881315854391871,0.41168525301610226,0.5820346122453832,-0.0017834650462235798,-0.5330602872939733
2019-02-01,1.0482708909582805,0.8524228735265247,0.495747415427217,0.59344799413093,-0.006410530744515508
2019-03-01,1.5293853351110283,0.41168525301610226,0.495747415427217,-0.0017834650462235798,0.2569143475302134
2019-04-01,1.0482708909582805,0.23539020481193326,0.32317302179088464,0.11726282678920713,-0.13807296988187995
2019-05-01,0.6874350578437198,0.23539020481193326,-0.19455015911811252,-0.12082975688165429,-0.2697354090192444
2019-06-01,0.8077136688819068,-0.2053474156984892,0.23688582497271846,-0.4779686323879464,-0.5330602872939733
2019-07-01,0.8077136688819068,-0.46978998800474264,0.495747415427217,-0.8351075078942386,-0.7963851655687022
2019-08-01,1.1685495019964676,-0.46978998800474264,0.7546090058817156,-0.4779686323879464,-0.5330602872939733
2019-09-01,1.0482708909582805,0.23539020481193326,0.5820346122453832,-0.239876048717085,0.12525190839284894
2019-10-01,1.108410196477374,0.49983277711818674,0.5820346122453832,0.11726282678920713,0.38857678666757783
2019-11-01,0.9881315854391871,0.41168525301610226,0.32317302179088464,0.23630911862463785,0.2569143475302134
2019-12-01,0.8077136688819068,-0.1171998915964047,0.495747415427217,-0.0017834650462235798,-0.5330602872939733
2020-01-01,1.1685495019964676,-0.1171998915964047,1.2723321867907127,-0.239876048717085,-0.006410530744515508
2020-02-01,1.0482708909582805,0.5879803012202712,0.5820346122453832,1.1886794533080836,-0.006410530744515508
2020-03-01,0.9881315854391871,0.23539020481193326,0.32317302179088464,2.4981886634978214,-0.2697354090192444
2020-04-01,1.108410196477374,0.7642753494244402,1.7037681708815438,2.3791423716623905,-0.2697354090192444
2020-05-01,0.9881315854391871,0.14724268070984878,1.5311937772452113,1.6648646206498063,-0.40139784815660884
2020-06-01,0.9881315854391871,0.14724268070984878,0.8408962026998819,0.7124942859663607,-0.2697354090192444
2020-07-01,1.4091067240728414,-0.2934949398005737,1.2723321867907127,0.23630911862463785,-0.40139784815660884
2020-08-01,1.4091067240728414,-0.2934949398005737,1.1860449899725465,-0.12082975688165429,-0.5330602872939733
2020-09-01,1.4692460295919347,0.14724268070984878,1.358619383608879,0.11726282678920713,0.7835641040796711
2020-10-01,1.1685495019964676,-0.2053474156984892,1.0997577931543805,0.3553554104600686,0.38857678666757783
2020-11-01,0.9881315854391871,-0.38164246390265816,0.32317302179088464,-0.239876048717085,0.12525190839284894
2020-12-01,0.9881315854391871,-0.5579375121068272,0.8408962026998819,-0.3589223405525157,-0.40139784815660884
2021-01-01,1.348967418553748,-0.2053474156984892,1.1860449899725465,-0.4779686323879464,-0.13807296988187995
2021-02-01,1.2286888075155609,-0.2053474156984892,1.0997577931543805,-0.3589223405525157,-0.13807296988187995
2021-03-01,1.348967418553748,-0.2053474156984892,1.0134705963362143,-0.4779686323879464,0.38857678666757783
2021-04-01,1.2286888075155609,-0.46978998800474264,1.0997577931543805,-0.5970149242233771,0.2569143475302134
2021-05-01,1.348967418553748,-0.2934949398005737,1.0134705963362143,-0.5970149242233771,0.12525190839284894
2021-06-01,1.1685495019964676,-0.6460850362089117,0.8408962026998819,-1.0732000915651,-0.13807296988187995
2021-07-01,1.0482708909582805,-0.9986751326172496,1.0134705963362143,-1.0732000915651,-0.40139784815660884
2021-08-01,1.2286888075155609,-0.8223800844130806,1.0134705963362143,-1.0732000915651,-0.6647227264313378
2021-09-01,1.4692460295919347,-0.5579375121068272,0.927183399518048,-1.3112926752359615,-0.13807296988187995
2021-10-01,1.2888281130346544,-0.5579375121068272,0.8408962026998819,-0.9541537997296693,-0.006410530744515508
2021-11-01,1.348967418553748,-0.46978998800474264,0.32317302179088464,-1.0732000915651,-0.006410530744515508
2021-12-01,0.8077136688819068,-0.8223800844130806,0.495747415427217,-0.9541537997296693,-0.5330602872939733
2022-01-01,1.108410196477374,-0.1171998915964047,1.358619383608879,-0.7160612160588079,-0.13807296988187995
2022-02-01,1.4692460295919347,-0.02905236749432021,1.0997577931543805,0.11726282678920713,0.9152265432170357
2022-03-01,1.4692460295919347,0.23539020481193326,1.1860449899725465,-0.12082975688165429,1.573538738903858
2022-04-01,1.348967418553748,0.41168525301610226,1.0134705963362143,0.23630911862463785,0.6519016649423067
2022-05-01,1.108410196477374,-0.02905236749432021,0.6683218090635494,0.23630911862463785,0.5202392258049423
2022-06-01,0.9881315854391871,-0.6460850362089117,0.7546090058817156,-0.4779686323879464,0.12525190839284894
2022-07-01,0.9279922799200937,-0.9986751326172496,1.2723321867907127,-0.4779686323879464,-0.5330602872939733
2022-08-01,0.9279922799200937,-0.9105276085151651,1.0997577931543805,-0.4779686323879464,-0.40139784815660884
2022-09-01,1.0482708909582805,-0.5579375121068272,1.0997577931543805,-0.3589223405525157,0.12525190839284894
2022-10-01,0.9881315854391871,-0.2934949398005737,0.8408962026998819,0.23630911862463785,0.2569143475302134
2022-11-01,0.9881315854391871,-0.38164246390265816,0.6683218090635494,-0.0017834650462235798,0.2569143475302134
2022-12-01,0.8678529744010002,-0.7342325603109962,0.927183399518048,-0.239876048717085,-0.006410530744515508
2023-01-01,1.0482708909582805,-0.38164246390265816,1.6174809740633775,0.11726282678920713,0.12525190839284894
2023-02-01,1.2888281130346544,-0.02905236749432021,1.2723321867907127,0.23630911862463785,0.9152265432170357
2023-03-01,1.2888281130346544,-0.1171998915964047,1.2723321867907127,-0.239876048717085,0.9152265432170357
2023-04-01,1.108410196477374,-0.46978998800474264,0.8408962026998819,-0.3589223405525157,0.2569143475302134
2023-05-01,0.9881315854391871,-0.6460850362089117,0.927183399518048,0.3553554104600686,0.2569143475302134
2023-06-01,0.7475743633628132,-1.086822656719334,1.2723321867907127,4.402929332864713,-0.2697354090192444
2023-07-01,0.8077136688819068,-1.3512652290255875,1.7037681708815438,0.9505868696372222,-0.7963851655687022
2023-08-01,0.9279922799200937,-1.3512652290255875,1.0997577931543805,0.11726282678920713,-0.5330602872939733
2023-09-01,0.8077136688819068,-0.9105276085151651,1.4449065804270451,0.4744017022954993,0.2569143475302134
2023-10-01,0.9279922799200937,-0.9105276085151651,1.1860449899725465,0.3553554104600686,0.5202392258049423
2023-11-01,0.8077136688819068,-0.7342325603109962,0.7546090058817156,0.59344799413093,0.2569143475302134
2023-12-01,0.5671564468055329,-1.1749701808214186,0.7546090058817156,-0.0017834650462235798,-0.13807296988187995
2024-01-01,0.9279922799200937,-0.8223800844130806,1.2723321867907127,0.3553554104600686,0.12525190839284894
2024-02-01,0.9881315854391871,-0.46978998800474264,1.358619383608879,0.7124942859663607,0.5202392258049423
2024-03-01,0.8678529744010002,-0.46978998800474264,1.358619383608879,0.11726282678920713,0.6519016649423067
2024-04-01,0.8678529744010002,-0.5579375121068272,0.8408962026998819,0.11726282678920713,0.5202392258049423
2024-05-01,0.6272957523246263,-0.5579375121068272,0.8408962026998819,-0.0017834650462235798,0.12525190839284894
2024-06-01,0.9881315854391871,-1.439412753127672,1.4449065804270451,-0.5970149242233771,-0.40139784815660884
2024-07-01,1.0482708909582805,-1.5275602772297565,1.1860449899725465,-0.4779686323879464,-0.5330602872939733
2024-08-01,0.9881315854391871,-1.439412753127672,1.2723321867907127,-0.7160612160588079,-0.40139784815660884
2024-09-01,0.9881315854391871,-1.086822656719334,0.7546090058817156,-0.3589223405525157,0.2569143475302134
2024-10-01,1.108410196477374,-0.8223800844130806,1.0997577931543805,-0.0017834650462235798,0.38857678666757783
2024-11-01,0.8077136688819068,-0.8223800844130806,0.6683218090635494,-0.12082975688165429,0.5202392258049423
2024-12-01,0.8077136688819068,-1.1749701808214186,0.495747415427217,-0.3589223405525157,0.2569143475302134
2025-01-01,0.9279922799200937,-0.9986751326172496,1.4449065804270451,-0.239876048717085,0.12525190839284894
2025-02-01,1.1685495019964676,-0.6460850362089117,0.927183399518048,-0.0017834650462235798,0.9152265432170357
2025-03-01,2.0706390847828695,-0.46978998800474264,1.1860449899725465,-0.239876048717085,0.6519016649423067
2025-04-01,1.5293853351110283,-0.7342325603109962,0.7546090058817156,-0.239876048717085,0.5202392258049423
2025-05-01,1.2286888075155609,-1.1749701808214186,0.5820346122453832,-0.3589223405525157,0.12525190839284894
2025-06-01,0.9881315854391871,-1.263117704923503,0.7546090058817156,-0.239876048717085,-0.006410530744515508
2025-07-01,1.2888281130346544,-1.1749701808214186,1.79005536769971,-0.0017834650462235798,0.2569143475302134
2025-08-01,1.7699425571874021,-0.2934949398005737,2.566640139063206,2.736281247168683,1.8368636171785868
2025-09-01,2.130778390301963,0.49983277711818674,2.739214532699538,3.450558998181267,2.495175812865409
2025-10-01,1.890221168225589,0.3235377289140177,1.9626297613360424,3.450558998181267,2.6268382520027735
2025-11-01,1.890221168225589,0.7642753494244402,2.0489169581542086,4.164836749193851,2.7585006911401377
2025-12-01,1.6496639461492153,0.05909515660776428,2.221491351790541,4.164836749193851,2.495175812865409
2026-01-01,1.890221168225589,0.3235377289140177,2.566640139063206,3.6886515818521284,2.6268382520027735
2026-02-01,3.333564500683832,2.0864882109557077,3.5157993040630338,6.545762585902466,7.235023621810529
2026-03-01,2.2510570013401496,0.41168525301610226,2.9117889263358703,3.3315127063458365,3.680137765101689
